site,site_code,date,scale_cm,nail,sediment_depth,turf_length,rugo_mean,slope_mean,slope_var,sapr,std_curve,plan_curve,tpi
Fortlauderdale,FTL,20250721,25,1,2,5,-0.6543118464841967,-1.070573486039015,17.60052196,-0.49299542181046946,0.18974765576913064,0.2328792618568875,0.05498178002942024
Fortlauderdale,FTL,20250721,25,2,3,2,-0.6521325716890886,-1.1253678199761477,17.82999402,-0.48433697124243946,0.37603188672906857,0.22843866753150407,0.052288128943018354
Fortlauderdale,FTL,20250721,25,3,1,3,-0.6942055542040867,-2.57294510646662,13.50841951,-0.5440630841128742,-0.2905343658666756,0.19324843530316327,-0.030243374653237426
Fortlauderdale,FTL,20250721,25,4,2,3,-0.6491977925616627,-1.560856454011489,16.92956111,-0.5034147135513398,0.0799877785541633,0.24636665925322865,0.03689806198635378
Fortlauderdale,FTL,20250721,25,5,3,4,-0.5909338423342536,-1.1851865108002817,17.37303316,-0.490620507937748,-0.6823612348129274,0.22020647971528634,-0.13157112375677607
Fortlauderdale,FTL,20250721,25,6,2,3,-0.6120524854954522,-1.576294878329758,16.18161201,-0.5164599402581177,-0.20212398927051592,0.21870928654641936,-0.030657563689228676
Fortlauderdale,FTL,20250721,25,7,4,4,-0.6030973753901087,-1.1106386170021356,17.59939562,-0.4802927285991924,0.11208689955423294,0.21464595586456384,0.025075752819622762
Fortlauderdale,FTL,20250721,25,8,5,4,-0.6088472415914017,-1.3283843444095995,17.75718704,-0.4937186773947438,0.40264984839570495,0.2199207039034526,0.0786696378776286
Fortlauderdale,FTL,20250721,25,9,5,3,-0.6975038198269587,-0.7082550858146376,18.62430651,-0.45345824026275316,-1.553038932724957,0.28180244948205074,-0.29068400390855204
Fortlauderdale,FTL,20250721,25,10,4,5,-0.38349431314900134,-1.0985186094612365,18.10433117,-0.4784963628288974,-0.27239581059650547,0.23137871598824486,-0.001409189585788603
Fortlauderdale,FTL,20250721,25,11,4,5,-0.5369343662837419,-1.949059356621238,16.33269088,-0.51144590745239,-0.46258434308739366,0.19657625586615599,-0.0702215063292603
Fortlauderdale,FTL,20250721,25,12,5,5,-0.6229983378311824,-1.1497227013727,17.94381995,-0.4683072416248872,0.4961884438445029,0.22759845219273248,0.11619058456351862
Fortlauderdale,FTL,20250721,25,13,1,4,-0.5869218571109228,-1.2228691950070998,17.28895989,-0.4745978164418169,-4.4160198759062155,0.24332399486103112,-0.6755633339583401
Fortlauderdale,FTL,20250721,25,14,2,2,-0.6153380497773218,-0.8089426469698069,18.58797941,-0.46861884919486796,-0.5034839761504183,0.256997924987856,-0.0868843653836473
Fortlauderdale,FTL,20250721,25,15,3,4,-0.6748659051345789,-1.320394678864975,17.79918866,-0.4694256475579053,-0.4928569416982759,0.2759761930738036,-0.03520951826300202
Fortlauderdale,FTL,20250721,25,16,2,5,-0.6325826302796219,-0.70265089177229,19.21719952,-0.45018427361029223,-0.019053334690163296,0.27309972665320675,0.003538942063614467
Fortlauderdale,FTL,20250721,25,17,1,3,-0.673721736043708,-1.7812557448292194,16.17231212,-0.5182506406477274,0.09696339478222289,0.24076710012660843,-5.88719793476815e-4
Fortlauderdale,FTL,20250721,25,18,2,8,-0.7134080129930517,-0.8738333638918375,20.00839949,-0.379308872886096,0.24110754670825316,0.3778860449333802,-0.04563486396236076
Fortlauderdale,FTL,20250721,25,19,2,3,-0.6615762613841895,-0.7474265901785988,19.31990765,-0.43231821611686355,1.944396422740514,0.14582534749015477,0.3794097082294003
Fortlauderdale,FTL,20250721,25,20,6,7,-0.6551086646179003,-0.6650844774711386,19.12004331,-0.4381077578213449,0.17057765203190323,0.1992392513137453,0.07499996853402481
Fortlauderdale,FTL,20250721,25,21,5,4,-0.6755917637714267,-1.6668968213926676,16.57285996,-0.48973915772748267,-0.04423344203717542,0.2618211007578522,0.04659359863912217
Fortlauderdale,FTL,20250721,25,22,2,4,-0.6480194611157508,-1.8030429507947077,16.26747053,-0.5184393289152258,0.2636174770160932,0.21075634432138976,0.0033589198911426724
Fortlauderdale,FTL,20250721,25,23,2,3,-0.6479243697586444,-0.7946629723146129,17.99855091,-0.4684009566432186,-1.0810286460925544,0.204174677898516,-0.18172896086252963
Fortlauderdale,FTL,20250721,25,24,4,6,-0.6034168182050302,-1.1431624247126817,16.91310325,-0.5005018345322205,-0.5770579835968133,0.23591598132130753,-0.10995776696967086
Fortlauderdale,FTL,20250721,50,1,2,5,-0.6131337835566396,-0.9351092872786735,18.64476136,-0.49299542181046946,-0.44392827946973196,0.28379004609266795,-0.06240688856795767
Fortlauderdale,FTL,20250721,50,2,3,2,-0.6168907016859674,-0.801860474716923,19.00993685,-0.48433697124243946,-0.034448328468275356,0.2775737453588012,7.39487156038944e-4
Fortlauderdale,FTL,20250721,50,3,1,3,-0.6011985025158401,-1.5751986783586451,17.43283015,-0.5440630841128742,0.31764962668305174,0.26673904674275517,0.04941042544845277
Fortlauderdale,FTL,20250721,50,4,2,3,-0.6134452669176751,-1.232957160979101,17.80663421,-0.5034147135513398,-0.06548090560436427,0.283956952875987,-0.025654225562667478
Fortlauderdale,FTL,20250721,50,5,3,4,-0.614649015072889,-0.8054972679155148,18.71067616,-0.490620507937748,0.04791139029422238,0.2724371051807609,0.04497830406933005
Fortlauderdale,FTL,20250721,50,6,2,3,-0.6132468097431728,-1.230488070812534,17.63049165,-0.5164599402581177,-0.0788553998322211,0.2672071261267703,-0.0011461610573521954
Fortlauderdale,FTL,20250721,50,7,4,4,-0.6271291680990069,-0.8794475205590362,18.53429263,-0.4802927285991924,0.4070941809834046,0.20188977115261506,0.08172627331150634
Fortlauderdale,FTL,20250721,50,8,5,4,-0.6340300412653168,-1.152204333205764,18.62843108,-0.4937186773947438,-0.4530070008174965,0.22139309025898798,-0.07170217523883067
Fortlauderdale,FTL,20250721,50,9,5,3,-0.6240874785483134,-0.585351099383843,19.17537177,-0.45345824026275316,0.05925121132410352,0.3163148653518136,0.028482144723109865
Fortlauderdale,FTL,20250721,50,10,4,5,-0.5368935638505627,-0.9051237702417291,19.08780525,-0.4784963628288974,-0.25810904380035654,0.3383607902016564,-0.040249055259638684
Fortlauderdale,FTL,20250721,50,11,4,5,-0.566379988051306,-1.241304710478647,19.01886149,-0.51144590745239,-0.4368656536609731,0.07701472859188005,-0.05153712884285901
Fortlauderdale,FTL,20250721,50,12,5,5,-0.5504848760629573,-1.0826729972243312,18.1034431,-0.4683072416248872,-0.2546559761908592,0.27954296466646283,-0.03641126385540932
Fortlauderdale,FTL,20250721,50,13,1,4,-0.525462604290568,-0.9083101769518164,18.31020655,-0.4745978164418169,0.5143077345259628,0.26476947053452854,0.08116017703291939
Fortlauderdale,FTL,20250721,50,14,2,2,-0.438856789221565,-0.5583335153720326,19.31459473,-0.46861884919486796,0.046774078477829335,0.24010728896651304,0.02826886297191863
Fortlauderdale,FTL,20250721,50,15,3,4,-0.6724237960904201,-1.167147261225071,18.39907043,-0.4694256475579053,0.13416912466724878,0.2883740350756361,0.031056460438221693
Fortlauderdale,FTL,20250721,50,16,2,5,-0.6769748749930536,-0.7472906367611712,18.92578961,-0.45018427361029223,-0.3450124716856747,0.2903215235455424,-0.05627526935348418
Fortlauderdale,FTL,20250721,50,17,1,3,-0.602547115452447,-1.1483408940689868,18.95801813,-0.5182506406477274,0.062401951521158884,0.2535291909287421,0.024248797100099025
Fortlauderdale,FTL,20250721,50,18,2,8,-0.6702437175511465,-0.6018130496941657,20.16353591,-0.379308872886096,-0.041417495814431673,0.3187353189579529,0.0054679841169937215
Fortlauderdale,FTL,20250721,50,19,2,3,-0.6654888358621972,-0.23853502236957344,19.94920261,-0.43231821611686355,0.014472461873320666,0.20639233990679617,-0.0039493403948409845
Fortlauderdale,FTL,20250721,50,20,6,7,-0.6520856537902373,-0.6816834010308226,19.62834302,-0.4381077578213449,-0.644784463194411,0.3892922117866861,-0.069419299542519
Fortlauderdale,FTL,20250721,50,21,5,4,-0.6722809071575769,-1.0634080003159898,19.12738411,-0.48973915772748267,0.44741090831439573,0.02326304190501148,-0.016767082929836
Fortlauderdale,FTL,20250721,50,22,2,4,-0.6389353518426308,-1.39198653163377,17.99847249,-0.5184393289152258,-1.4961605327795415,-0.4630867194736175,-0.11507041288268784
Fortlauderdale,FTL,20250721,50,23,2,3,-0.6856346296365973,-1.0505514490001704,18.06897925,-0.4684009566432186,-0.1218252492992612,0.19571019192395223,-0.010617755427250934
Fortlauderdale,FTL,20250721,50,24,4,6,-0.6136115367695205,-0.668150417100577,18.89961106,-0.5005018345322205,0.0607477202786477,0.23828527585236117,0.020010542361105457
Fortlauderdale,FTL,20250721,100,1,2,5,-0.6689306332717939,-1.070573486039015,17.60052196,-0.38995293985373763,-0.034118622627472006,0.2770463388033963,0.004040429404114642
Fortlauderdale,FTL,20250721,100,2,3,2,-0.6183235263667467,-1.1253678199761477,17.82999402,-0.3476058274661573,-0.1363062413559439,0.2788644488445592,-0.012406292526520155
Fortlauderdale,FTL,20250721,100,3,1,3,-0.6445835285877091,-2.57294510646662,13.50841951,-0.5034147135513398,0.08576776075973994,0.28969305061087586,0.02709513772294892
Fortlauderdale,FTL,20250721,100,4,2,3,-0.5106394985658548,-1.560856454011489,16.92956111,-0.490620507937748,0.3551277368438612,0.42007629581164113,0.05516220543881409
Fortlauderdale,FTL,20250721,100,5,3,4,-0.5403261067721035,-1.1851865108002817,17.37303316,-0.5164599402581177,0.001793008677724811,0.2947129288301386,0.009494059427951593
Fortlauderdale,FTL,20250721,100,6,2,3,-0.6497303405289652,-1.576294878329758,16.18161201,-0.4802927285991924,-0.027086832320021147,0.27834282553393613,0.003891857578034745
Fortlauderdale,FTL,20250721,100,7,4,4,-0.6522820557120443,-1.1106386170021356,17.59939562,-0.4937186773947438,0.0827846010981651,0.39108270943502943,0.030659695219850264
Fortlauderdale,FTL,20250721,100,8,5,4,-0.6099361488896383,-1.3283843444095995,17.75718704,-0.45345824026275316,-0.10676946787797863,0.1821288934206878,-0.01785361797308365
Fortlauderdale,FTL,20250721,100,9,5,3,-0.6360467117727969,-0.7082550858146376,18.62430651,-0.4784963628288974,-0.020581787808371634,0.35285278866953534,0.00915322822002095
Fortlauderdale,FTL,20250721,100,10,4,5,-0.5282002270692426,-1.0985186094612365,18.10433117,-0.4683072416248872,-0.10676946787797863,0.1821288934206878,-0.01785361797308365
Fortlauderdale,FTL,20250721,100,11,4,5,-0.5382934926655257,-1.949059356621238,16.33269088,-0.4745978164418169,0.07256452203722807,0.20312633135710453,0.020118285559856612
Fortlauderdale,FTL,20250721,100,12,5,5,-0.5551655083280805,-1.1497227013727,17.94381995,-0.46861884919486796,-0.16919552393417048,0.3313159534356505,-0.019306622127331113
Fortlauderdale,FTL,20250721,100,13,1,4,-0.5775929965139048,-1.2228691950070998,17.28895989,-0.4694256475579053,-0.17109632798096533,0.2881471960794274,-0.018275629947598085
Fortlauderdale,FTL,20250721,100,14,2,2,-0.4673675219240195,-0.8089426469698069,18.58797941,-0.45018427361029223,0.06274642333897278,0.22087835273548342,0.024815035613931842
Fortlauderdale,FTL,20250721,100,15,3,4,-0.5877926738899698,-1.320394678864975,17.79918866,-0.5182506406477274,0.043702060266157444,0.3382940101575443,0.015057911099699093
Fortlauderdale,FTL,20250721,100,16,2,5,-0.6724781813030842,-0.70265089177229,19.21719952,-0.379308872886096,-0.053056061706324084,0.2796638140222831,0.008139887434301149
Fortlauderdale,FTL,20250721,100,17,1,3,-0.584772856167981,-1.7812557448292194,16.17231212,-0.43231821611686355,-0.10021572012588109,0.21590341320804912,-0.0062233263882853895
Fortlauderdale,FTL,20250721,100,18,2,8,-0.5502609423095628,-0.8738333638918375,20.00839949,-0.4381077578213449,0.15734347388681774,0.3818133399256683,0.03730848178832931
Fortlauderdale,FTL,20250721,100,19,2,3,-0.5463854333346588,-0.7474265901785988,19.31990765,-0.48973915772748267,-0.1642504401220148,0.19452727420921698,-0.011810895787282734
Fortlauderdale,FTL,20250721,100,20,6,7,-0.5790034409345293,-0.6650844774711386,19.12004331,-0.5184393289152258,0.038131495821728305,0.34233876078806835,0.014453909128086166
Fortlauderdale,FTL,20250721,100,21,5,4,-0.6596878911066405,-1.6668968213926676,16.57285996,-0.4684009566432186,-0.03191026425214608,-0.2709846463677746,-0.014784394719945878
Fortlauderdale,FTL,20250721,100,22,2,4,-0.5656054502248198,-1.8030429507947077,16.26747053,-0.5005018345322205,-0.3534045033005702,-1.074074213367039,-0.01434012292945183
Fortlauderdale,FTL,20250721,100,23,2,3,-0.6802849487179993,-0.7946629723146129,17.99855091,-0.438998754238096,-0.12737812873627047,0.2207449709626276,-0.019723229162502257
Fortlauderdale,FTL,20250721,100,24,4,6,-0.6024150042276225,-1.1431624247126817,16.91310325,-0.39005479310618707,0.0037117926252494913,0.23272037266969314,-0.013143568923519004
Southcanyon,SC,20231020,25,1,2,5,-0.4945719648790186,0.1809214200433617,22.0685464,-0.2424158097551698,-0.056239589697141705,0.055312619370927706,-0.03433000662012706
Southcanyon,SC,20231020,25,2,3,6,-0.46083328424727343,0.3066487273310279,21.04925108,-0.34295142225102354,-0.19798356683951415,0.0933816289005536,-0.3769795499340504
Southcanyon,SC,20231020,25,3,1,4,-0.08715064849806574,0.30258426496683705,21.77653996,-0.32079330244616494,0.1512328238507347,0.2582645069008166,0.12915390487266784
Southcanyon,SC,20231020,25,4,0.5,2,-0.2696856308577457,-0.04355873656864584,19.53640613,-0.3923267781108226,1.7069505254420074,0.18661267842726437,1.214968526599956
Southcanyon,SC,20231020,25,5,2,3,-0.43178411653593224,1.3091665154415009,22.79572694,0.09988315081043748,-0.9281272409401592,0.6427362124844671,-0.44076423477096527
Southcanyon,SC,20231020,25,6,1,1.5,-0.5275985058160513,0.5717827147787268,22.18719772,-0.2089446563462851,-2.2050468388721156,0.7047892704802099,-2.8571554452103087
Southcanyon,SC,20231020,25,7,2,2,0.3599188907633567,0.7715844101638027,21.83249902,-0.262913257679937,-0.2465545639526194,0.31176410420061634,-0.12781184620827032
Southcanyon,SC,20231020,25,8,4,6,-0.15818657078837642,-0.28529901986454725,21.27569141,-0.3566222917621844,0.9710138717938612,0.08409991059865982,0.6207082469770843
Southcanyon,SC,20231020,25,9,3,5,-0.43230358264148283,1.2229557193948293,23.44059374,0.25970275785736635,0.34181269213362475,-1.0498008563793764,0.7750562463920103
Southcanyon,SC,20231020,25,10,1,1,-0.5199864018241811,-0.011894496092383194,22.00614314,-0.3035235235879081,0.668900005095375,0.071400727634095107,1.0296715600348456
Southcanyon,SC,20231020,25,11,1,1,0.3212879075131027,1.1581950952560438,23.05849577,0.09252873944335979,-0.2921530249043406,0.6550653166506484,-1.194539209115213
Southcanyon,SC,20231020,25,12,1,3,-0.37687388445809666,0.20484914747830082,21.11889356,-0.2981031096275135,0.0024539318892407755,-0.013065653523108242,-0.1300250266341027
Southcanyon,SC,20231020,25,13,1,2,-0.4968044931151344,-0.33429349858160023,18.14713581,-0.44358344518979104,0.21962134953900989,0.18324044264773312,0.264310813737759
Southcanyon,SC,20231020,25,14,1,2,-0.338254772306377,-0.1512145811897408,21.36224888,-0.2871800722850846,1.390077522565583,-0.06355784484694069,2.0662820319799793
Southcanyon,SC,20231020,25,15,3,5,-0.37004491382989113,1.4118869823787041,24.29984432,0.6248555432484812,2.100861040847854,-1.7485876423661815,2.5749863888559084
Southcanyon,SC,20231020,25,16,1,3,-0.2663585180570168,0.7015370921038591,22.62485862,-0.0918032942417425,-0.06624946437598433,-0.22876697505452998,-0.16769460915193327
Southcanyon,SC,20231020,25,17,1,3,-0.2807975732324948,1.0851380446594252,23.7547738,0.38749555034978567,0.07310659014140307,-1.3291620497567456,0.11562662181361982
Southcanyon,SC,20231020,25,18,2,4,-0.3262928571010074,-1.1181325913465847,19.202847,-0.42645059826176146,-0.15167201471525285,0.49761463700604935,-0.280101701615369
Southcanyon,SC,20231020,25,19,3,4,-0.2620225474617897,1.223667874833332,24.01663158,0.16893024756276218,0.2541761777864442,-0.4245968887029618,0.02428698726361676
Southcanyon,SC,20231020,25,20,1,2,-0.4854966882922255,-0.45788824966493663,21.60214546,-0.28781140291625296,-0.08656806350958529,-0.04423605928140228,-0.011216139106651755
Southcanyon,SC,20231020,25,21,2,3,-0.03209797237188535,0.5673167332505925,21.89139819,-0.23205834101357875,-1.0063220994995754,-0.00477565835098851,-0.24708961222375186
Southcanyon,SC,20231020,25,22,3,4,-0.3428078910408143,-0.20476669184227309,21.8666925,-0.25728269080410265,0.8135994187931169,-0.14100134478742457,0.9727632381598116
Southcanyon,SC,20231020,25,23,2,4,-0.2229249226059674,0.6517730844699821,22.1631871,-0.21815552830799917,0.031793841212715154,0.44168083144733444,-0.2096895654968565
Southcanyon,SC,20231020,25,24,1,1,-0.33494682670615794,0.5653949740407609,22.73986562,-0.24906021756708946,0.8424693038285457,0.457107596063628,1.3183166562535418
Southcanyon,SC,20231020,25,25,1,2,0.13163007519039369,0.83168648433149,22.50476507,-0.17805679819288958,0.18148039748562356,-0.2548361635438713,0.251215214649945
Southcanyon,SC,20231020,50,1,2,5,-0.34610015151635887,0.9480269865419758,22.92277212,-0.34295142188979805,0.5278487190910889,-0.28744008147311695,0.8344465733075825
Southcanyon,SC,20231020,50,2,3,6,-0.4083534303848836,0.2650495530856482,21.36373341,-0.39232677808291155,0.7431106828400392,0.13943464352906076,0.9417772898456997
Southcanyon,SC,20231020,50,3,1,4,-0.06273820460941974,0.1296632770393867,21.94117799,0.09988314994687997,-0.2857211316720204,0.19949942836292794,-0.0948794085543438
Southcanyon,SC,20231020,50,4,0.5,2,-0.34205450614270627,0.3985936168129424,20.73229078,-0.20894465620233832,0.7232442130338493,0.21093718401343753,0.9368203915269172
Southcanyon,SC,20231020,50,5,2,3,-0.5179623876282843,1.205974783412093,22.41127672,-0.26291325770968793,-0.07620200530249144,0.3656248857322387,0.36459377384271463
Southcanyon,SC,20231020,50,6,1,1.5,-0.36125777473719906,0.8465259741971547,23.42697443,-0.35662229131750606,-0.5188600796168695,0.7529497480544634,-0.5373312990774074
Southcanyon,SC,20231020,50,7,2,2,-0.013548599926637019,0.5359488332714644,22.15820102,0.25970275780348895,-0.22289135894060716,0.17345990686044105,0.027654904533094375
Southcanyon,SC,20231020,50,8,4,6,-0.3570547812250314,-0.011144836523360138,21.30492013,-0.30352352308807534,1.2173073535699657,0.07990719421860872,1.1289659851809624
Southcanyon,SC,20231020,50,9,3,5,-0.2502946775452661,0.8202856184555571,24.03889285,0.09252873971114332,-0.2906510297230522,-1.0613915410198103,-0.16010280290329557
Southcanyon,SC,20231020,50,10,1,1,-0.440859728705073,0.2758006198246882,22.16109081,-0.2981031095308319,0.06472561630651777,-0.09832830001883842,0.15744449527742735
Southcanyon,SC,20231020,50,11,1,1,-0.07744200485344406,0.95334448996358,23.16096685,-0.44358344548879935,0.620175047436603,0.3031693533684985,0.7468581088970704
Southcanyon,SC,20231020,50,12,1,3,-0.42123703976380894,0.7543241882955947,22.19767742,-0.28718007266157997,0.1372348389471935,0.07022687076436136,0.22765892440417204
Southcanyon,SC,20231020,50,13,1,2,-0.4869106431473319,-0.20488598498305174,19.70054814,0.6248555431513644,0.05494807950371063,0.23014248738463924,-0.019135868714656834
Southcanyon,SC,20231020,50,14,1,2,-0.3565566540393576,0.07937018664151654,21.88912856,-0.09180329341305518,-1.2071645191604945,0.11809884444467193,0.24534303252394954
Southcanyon,SC,20231020,50,15,3,5,-0.4968663969665135,1.249599697420449,24.04218229,0.38749555102331446,0.7607798843065655,-1.4250666397386311,0.14389089869789223
Southcanyon,SC,20231020,50,16,1,3,-0.3201641277107698,0.6120725320918573,22.22218471,-0.4264505974636224,-0.45622907446263494,-0.1304176282818881,-0.15374986564623883
Southcanyon,SC,20231020,50,17,1,3,-0.23037115416874487,1.0420286609818044,22.97244359,0.16893024735797058,0.04520340670505407,-0.508610845724346,0.3459666460427785
Southcanyon,SC,20231020,50,18,2,4,-0.4303415073814367,-1.1221502184957723,19.95364835,-0.28781140213108614,0.00893447507996362,0.44084806504827223,0.012745734942736953
Southcanyon,SC,20231020,50,19,3,4,-0.3823653289404476,0.7466231382100609,23.63701443,-0.23205834025125238,0.3455845560109592,-0.259605032367158,0.5493132653095678
Southcanyon,SC,20231020,50,20,1,2,-0.48642808182261205,-0.4845815648932373,21.46128298,-0.25728269039512014,-0.10122000849755358,0.10742451536446072,0.13041197562244208
Southcanyon,SC,20231020,50,21,2,3,-0.04738594160009351,0.7472470880068633,22.06200406,-0.21815552789784795,-1.010479909997674,-0.12371688512657374,-0.7163087536682418
Southcanyon,SC,20231020,50,22,3,4,0.3353747822865276,-0.1948501271348687,21.06976079,-0.24906021658715818,-0.024585491994410364,-0.008838063390935154,-0.07416497852117562
Southcanyon,SC,20231020,50,23,2,4,-0.4560831405157538,0.5096928778784292,21.80156038,-0.178056798612898,-0.022056714616210737,0.3186723190079041,-0.09360853663244069
Southcanyon,SC,20231020,50,24,1,1,-0.4886555903855996,0.552743381748189,22.74243353,-0.21394370054674086,-0.6226883684466231,0.4253658568534187,-0.8031931536116672
Southcanyon,SC,20231020,50,25,1,2,-0.24180504016942575,0.8225854950858834,22.688567,-0.14954282832025986,-0.23646155499598884,-0.3126409511070916,-0.3006170023043106
Southcanyon,SC,20231020,100,1,2,5,-0.3148598234262447,0.85944628842722115,22.54111408,-0.34295142188979805,0.2322427075994462,-0.056975919312228875,0.3527903819636851
Southcanyon,SC,20231020,100,2,3,6,-0.4654494284010055,0.21347855435065394,21.45242263,-0.3207933018390326,0.26454107544177546,0.13199464391790725,0.43791390956316434
Southcanyon,SC,20231020,100,3,1,4,-0.2960831778935891,0.37069527723641155,21.48001427,-0.39232677808291155,0.033559861911421775,0.18798048342749693,0.022002831450092214
Southcanyon,SC,20231020,100,4,0.5,2,-0.21348751279893693,0.8790766797861069,22.0112118,0.09988314994687997,0.42556334452374167,0.18871632255365522,0.3993454002913967
Southcanyon,SC,20231020,100,5,2,3,-0.42626220457522657,0.9592579106461236,22.24861574,-0.20894465620233832,-0.10458298520312441,0.017485015492334628,-0.050324431136519236
Southcanyon,SC,20231020,100,6,1,1.5,-0.40587293525669754,0.8961747997460953,22.55329419,-0.26291325770968793,-0.15022459750442854,0.37441602766006404,0.008097138631153083
Southcanyon,SC,20231020,100,7,2,2,-0.27471310308002833,0.7200850640650709,22.26345411,-0.35662229131750606,0.07482283276529524,0.36600439095529363,0.19617941978687004
Southcanyon,SC,20231020,100,8,4,6,-0.16569400476770516,0.5970108926136896,22.50673596,0.25970275780348895,-0.10176687823227643,0.16522794192908993,-0.0513022273342946
Southcanyon,SC,20231020,100,9,3,5,-0.4457499388468375,0.5828952401724748,23.60340321,-0.30352352308807534,0.09099418548017586,-0.16945106209871993,0.14407224863638426
Southcanyon,SC,20231020,100,10,1,1,-0.5113719289341889,-0.08201599446092367,22.01395701,0.09252873971114332,-0.0474906340656916,0.07534371555472885,8.881372115040729e-4
Southcanyon,SC,20231020,100,11,1,1,-0.39996869451015904,0.5045424637209177,22.13024477,-0.2981031095308319,-0.032440173994835966,0.2322550056136063,-0.049593128619847195
Southcanyon,SC,20231020,100,12,1,3,-0.509005622678001,0.7086869675994131,22.65274628,-0.44358344548879935,-0.006478224745965488,0.33240616515492033,0.1584387196461014
Southcanyon,SC,20231020,100,13,1,2,-0.44402436478855123,-0.02796593840192566,21.53740919,-0.28718007266157997,0.20664782925472636,0.23693127955062465,0.16160700974799186
Southcanyon,SC,20231020,100,14,1,2,-0.4807158607363446,0.01311572175074922,21.65925491,0.6248555431513644,-0.23583922623989972,0.20454510446367177,-0.31079891238035234
Southcanyon,SC,20231020,100,15,3,5,-0.4130180188539668,0.9972337202354756,23.37293676,-0.09180329341305518,0.32039286850220255,-1.40072140546954,0.4420479769845536
Southcanyon,SC,20231020,100,16,1,3,-0.29963453800128653,0.6911893681393487,22.74800087,0.38749555102331446,-0.013756770336605223,-0.6556584296956381,-0.1386011007842031
Southcanyon,SC,20231020,100,17,1,3,0.04338966722627726,0.43129851192516555,22.0242819,-0.4264505974636224,0.4006120036616973,-0.06902293345395324,0.5005365324412713
Southcanyon,SC,20231020,100,18,2,4,-0.4471952269691621,-0.9488568937063158,20.73428322,0.16893024735797058,-0.01048371531496062,0.25629880359322627,0.01541406815537289
Southcanyon,SC,20231020,100,19,3,4,-0.5091622484158301,0.6303803117250736,22.82665887,-0.28781140213108614,-0.09142081804291925,-0.02753121123968487,-0.06773438081987054
Southcanyon,SC,20231020,100,20,1,2,-0.36576232932208297,0.015473641171319904,21.98279801,-0.23205834025125238,0.13537752957824156,0.08460667285681674,0.23030947821107348
Southcanyon,SC,20231020,100,21,2,3,-0.24189562136446505,0.7656134075039622,22.04791572,-0.21815552789784795,-0.2260528489666638,-0.062312789021088784,-0.20881766343963593
Southcanyon,SC,20231020,100,22,3,4,0.03343293721168565,0.2366855099003933,21.43287541,-0.24906021658715818,0.17983377981350473,0.07668393133554653,0.08979527881005839
Southcanyon,SC,20231020,100,23,2,4,-0.4128060127285984,0.23010610874760026,21.39385564,-0.178056798612898,-0.09010900701969889,0.24096025987729122,-0.09561263124683517
Southcanyon,SC,20231020,100,24,1,1,-0.41888666516420675,0.5049099492046416,22.73895017,-0.21394370054674086,0.05519563711274208,0.5390163530381614,0.10646311609805105
Southcanyon,SC,20231020,100,25,1,2,-0.35052418709584404,1.0169460033432418,22.62136759,-0.14954282832025986,0.09700230103192108,-0.15257349978907572,0.17157556695521947
Emerald,ER,20250622,25,1,2,3,-0.594046987404951,-1.0946123917742607,17.95392483,-0.5760001965308591,0.8199062950635871,0.2841001841209333,0.2960797670804189
Emerald,ER,20250622,25,2,1,4,-0.5615830269413548,-1.4752975239610961,16.80062235,-0.5765780246482597,0.3931884035618996,0.21097405020253576,0.13467903299872558
Emerald,ER,20250622,25,3,1.3,2,-0.6532699933959147,-0.638645957053268,21.25978273,-0.5774956899731596,0.8598825118299679,0.46112343909747955,0.3165516860193683
Emerald,ER,20250622,25,4,2,4,-0.6095564791077047,-0.5002189803293612,18.02290408,-0.5625592333788942,0.4676656744330999,0.2408355530739331,0.17645921412237595
Emerald,ER,20250622,25,5,4,9,-0.6630696124389249,-1.2530653957238822,15.68874833,-0.5738527124583666,0.7456858012870367,0.21963486093986895,0.26891141276562197
Emerald,ER,20250622,25,6,1,2,-0.3165381374424894,-0.14737268543599963,18.69696269,-0.558795896091754,1.145028732626692,0.19507019136938986,0.40810495790867723
Emerald,ER,20250622,25,7,2,3,-0.5913847526062241,-0.46735276593549924,18.81131454,-0.5395845493728686,1.788044757789789,0.21185340185913917,0.6500321764431337
Emerald,ER,20250622,25,8,3,13,-0.6521012415011469,-0.10126698718823225,20.30921463,-0.5666965469784185,1.721878044608488,0.23445616519799475,0.44353504648018843
Emerald,ER,20250622,25,9,2,5,-0.5255835108952944,-0.8680779325508092,18.10655284,-0.5699419929616242,-0.7803382137245507,-0.28639387842421776,0.010897174569708009
Emerald,ER,20250622,25,10,2,4,-0.446752973466147,-0.9973679599996805,16.83341611,-0.5652696027221756,-0.650084194709995,0.23970908974550567,-0.19486225229050078
Emerald,ER,20250622,25,11,2,3,-0.43189220230356,-1.0290330813085617,16.53382134,-0.5706151646936964,-0.09728631607455614,0.2133785031292136,-0.010912609091952123
Emerald,ER,20250622,25,12,2,6,-0.5916967837012922,-0.13231487750418036,18.95616978,-0.572808278524165,1.124899341102418,0.14294495708861324,0.3836120485688101
Emerald,ER,20250622,50,1,2,3,-0.5463875793082701,-0.3134210032962216,19.99773918,-0.5760001965308591,0.21048113494751983,0.20964634494102327,0.10275362088560194
Emerald,ER,20250622,50,2,1,4,-0.5036714218893836,-1.1549549574206437,17.9977862,-0.5765780246482597,0.29843459438660386,0.302815845639163,0.10918834340903744
Emerald,ER,20250622,50,3,1.3,2,-0.628056080416543,0.3693200995957007,21.91750088,-0.5774956899731596,0.8396078712546045,0.40067517637831956,0.2999265193051385
Emerald,ER,20250622,50,4,2,4,-0.5052155803576875,-0.1854136645522363,19.94706802,-0.5625592333788942,-0.2721956786544976,0.150276562395055,-0.06531787511005827
Emerald,ER,20250622,50,5,4,9,-0.623759289607612,-0.47916403786639283,18.75347632,-0.5738527124583666,-0.005449168587730111,0.05890028691223274,-0.04979716508005649
Emerald,ER,20250622,50,6,1,2,-0.31568075095875936,0.38507105178790857,20.18416742,-0.558795896091754,0.7393338626340293,-0.413248022618351,0.09058255089598269
Emerald,ER,20250622,50,7,2,3,-0.5795249485992952,0.3518362293397635,21.35198023,-0.5395845493728686,0.8244153261713549,-0.10772149636249825,0.29652923045738744
Emerald,ER,20250622,50,8,3,13,-0.6412860842800631,0.1340504761728928,22.02150445,-0.5666965469784185,-0.17010710241116667,-0.47361496224503097,-0.0066434181869804996
Emerald,ER,20250622,50,9,2,5,-0.42518559524520166,-0.36845246553296135,20.21389562,-0.5699419929616242,0.5509219148845789,0.11218094021883879,0.20601427586297405
Emerald,ER,20250622,50,10,2,4,-0.41035183238693473,0.026495715782249383,20.64765151,-0.5652696027221756,-0.046173417837465536,0.2102101929575068,0.0022928098292028325
Emerald,ER,20250622,50,11,2,3,-0.3627249575104436,-0.18071344500373965,19.43386984,-0.5706151646936964,0.7066495707793392,0.1851759227829702,0.3081142912339971
Emerald,ER,20250622,50,12,2,6,-0.5177442280110595,-0.029947784598456918,20.7504077,-0.572808278524165,0.47962359732825105,-0.051467227594987425,0.1097572843925419
Emerald,ER,20250622,100,1,2,3,-0.519889222797145,-0.2481113968283991,20.16270682,-0.5765780270450723,-0.20517488086199562,0.2088017717105898,-0.020685095012739487
Emerald,ER,20250622,100,2,1,4,-0.4848861732282237,-0.7866796055541857,18.92750897,-0.5774956913409371,-0.2453745173599949,0.2333252151074253,-0.061331590109134235
Emerald,ER,20250622,100,3,1.3,2,-0.47631341974985186,0.4222921464635666,21.79759853,-0.5625592344176841,-0.022977011158550952,0.22802084585866386,-0.0016675314628733927
Emerald,ER,20250622,100,4,2,4,-0.5560170367756807,-0.29416937902854523,20.58647264,-0.5738527099809339,-0.028654232611709015,0.0625805520483747,-0.004125214276366802
Emerald,ER,20250622,100,5,4,9,-0.5905287918402329,0.08198344478288312,20.78162689,-0.5587958952846143,-0.4292591950633565,-0.026566197006961303,-0.10518221858938026
Emerald,ER,20250622,100,6,1,2,-0.23624772816478498,0.4667342555779191,21.0741847,-0.5395845469274846,0.07742232099118732,-0.18193721122635695,0.04523283404182536
Emerald,ER,20250622,100,7,2,3,-0.6189009134591935,0.2173711168657474,21.4602675,-0.5666965480538934,0.17467332553447207,-0.1206639340645727,0.08284779822523951
Emerald,ER,20250622,100,8,3,13,-0.5220882698652409,0.13511883095504706,21.58150133,-0.5699419941973974,0.018758350213715646,-0.5280909091341687,-0.04974930291981917
Emerald,ER,20250622,100,9,2,5,-0.45528256974741166,-0.07093516242196474,21.19118292,-0.5652696046451516,0.17566303533333263,0.2996889919579172,0.047581066833617104
Emerald,ER,20250622,100,10,2,4,-0.4838381546299092,-0.08792828652946129,20.7384595,-0.570615164193414,0.08100114672240467,0.14976570762742888,0.042762278938580166
Emerald,ER,20250622,100,11,2,3,-0.3998118094718904,0.4208962397945056,20.3357344,-0.5728082750673801,-0.20797637448904294,-0.1267756487959216,0.002332671256859614
Emerald,ER,20250622,100,12,2,6,-0.4594021237963956,-0.003282450536704869,20.92126888,-0.5251906831972007,0.08997394480157546,0.029694763643782453,0.05815519060016226
NNDR,NNDR,20251010,25,1,2,5,4.087799384692922,3.285901301108801,22.51660959982272,3.418142971511654,2.1226171735354757,-1.2608788766499068,1.47091210693111
NNDR,NNDR,20251010,25,2,1,2,3.4444852482411266,2.9562389916029814,24.047434192222113,4.447641438205962,-2.4849848296896937,-4.429157067955925,-0.9695180704832392
NNDR,NNDR,20251010,25,3,4,5,-0.2961920934975424,2.0953003540130286,22.85366599781136,1.4763782046117373,3.6734921193627454,-0.8961425834587102,4.81215004749336
NNDR,NNDR,20251010,25,4,0,2,-0.4626452096306669,1.7643691973901396,24.768386014166197,3.8440915660688875,0.0462875931353489,-11.144827623650793,-1.8087497378663202
NNDR,NNDR,20251010,25,7,3,3,3.9858046977734714,0.8631432840327202,22.397237036624183,-0.11127949976278449,2.1272033444177167,0.030544181359185105,2.9032844470656203
NNDR,NNDR,20251010,25,8,3,1,1.2164885566432506,1.0097688824614082,23.256792439861893,0.320465861469726,-2.8330027552807606,0.6063277858702452,-4.124649267933852
NNDR,NNDR,20251010,25,9,3,5,0.04133442079938757,1.0204485610077931,23.37471087813587,0.6533094423078072,-1.7406914560390123,-0.39584760969782196,-2.582739449912039
NNDR,NNDR,20251010,25,10,5,3,0.46956238338158546,0.7606962365270922,21.955075284500513,-0.04210462457084418,-1.5233457613026353,0.5174949069773576,-2.023629470042044
NNDR,NNDR,20251010,25,11,0,3,0.792187780555888,0.46917904265663296,20.328823911324825,-0.2624152369829066,1.3435593982875942,0.4142359359279029,1.5323367747861125
NNDR,NNDR,20251010,25,12,5,1,3.3385377414391586,-0.7059010069582086,18.24248517552434,-0.4122855436126489,-0.9101011256064436,0.23992701681695727,-1.3995155356492592
NNDR,NNDR,20251010,25,13,1,3,0.49900427736701874,-0.6439626846710955,17.68309130163053,-0.4713234078620169,0.37466825331588693,0.19429082815561594,0.5602733095681626
NNDR,NNDR,20251010,25,14,3,5,4.9359388337815,1.7910627460771726,19.06323465517979,0.0379447411216094,-0.24814583744090485,-0.0064987018628274796,-0.5260589496006186
NNDR,NNDR,20251010,25,15,3,4,0.5702238072422754,-0.5389064326035429,20.47187243284553,0.43354431671744076,-1.2191527868174834,0.19869467509459643,-1.734639203018066
NNDR,NNDR,20251010,25,16,0,1,-0.01738581097160446,0.8139352650247847,24.34336522057349,0.7594868752044971,1.7311744713443196,0.2691697473447388,-2.1865347984240167
NNDR,NNDR,20251010,25,17,1,2,3.253701681604142,0.9391221620252987,19.495910109084313,-0.2019078138804283,0.042877442474682365,0.1301736177880085,-1.2835119752115096
NNDR,NNDR,20251010,25,18,0,1,-0.10785924019216675,0.315047317542794,21.11862408270652,-0.03380142335135929,0.4779313071624656,0.2100479075487486,1.4615032895093312
NNDR,NNDR,20251010,25,19,1,4,0.492118658344603,-0.15430702322965223,21.728645354430373,0.06017783786985563,2.600604109343963,-0.3620440485471802,1.0768829684199313
NNDR,NNDR,20251010,25,20,0,0,0.659147131615293,-0.2758906216389409,19.88467479010464,-0.35050048187622695,0.8503313786336033,0.15474167746701253,1.3908422715799373
NNDR,NNDR,20251010,25,21,0,1,0.8953055520918212,-0.08399200273819853,23.093936017393748,0.9982499423038923,-2.189499392090986,1.3818486051740597,-2.7218016351161176
NNDR,NNDR,20251010,25,22,0,0,2.0320562790372745,0.5135195386198292,20.37872333266313,-0.2752940857688285,0.8160027362462712,0.13071577690779926,1.6135416872252455
NNDR,NNDR,20251010,25,23,1,3,0.11434613858648895,-0.4686321801712481,21.056613917392788,-0.03983524386293113,-1.9496863055950455,0.885430565570934,-2.8383873338346604
NNDR,NNDR,20251010,25,24,0,1,-0.3901316079220909,1.878734447077991,25.49135395244653,2.843058756180735,1.0792095478322048,-0.10556160573978937,1.1803467147043039
NNDR,NNDR,20251010,25,25,0,7,0.6314262938375242,0.21716902537113075,25.166225084855274,2.853075451162164,-4.75666548820793,0.349210904485944,-2.815494820633756
NNDR,NNDR,20251010,50,1,2,5,2.750655506908216,2.063560802485454,24.218693869724433,3.4181429713000746,1.5336606835252613,0.16763194583717714,3.5867698828280092
NNDR,NNDR,20251010,50,2,1,2,1.324313820080948,1.2500042099482198,24.246803727550393,4.447641438393758,2.506627275810215,-3.6743912041027325,1.4820468224722267
NNDR,NNDR,20251010,50,3,4,5,0.15280068650526415,1.802687164539045,22.874633175778794,1.4763782036858804,1.3974617185272764,-0.6513777779684643,1.1376707779615232
NNDR,NNDR,20251010,50,4,0,2,1.7417576318030037,1.8191543860142636,23.57803480405519,3.8440915656599377,-1.3267664530148795,-6.203552107380601,0.9072944311176253
NNDR,NNDR,20251010,50,7,3,3,1.9187340224464695,0.691120974810561,22.68380816444333,-0.11127949959006145,-1.029183319824229,-0.12275294917146046,-0.6965855731535802
NNDR,NNDR,20251010,50,8,3,1,1.6277963445840389,1.294130469217942,22.95369962092472,0.3204658609986156,-2.4118102920544335,0.5089369096723548,-2.5673946742135425
NNDR,NNDR,20251010,50,9,3,5,0.08908402919683259,0.9250401496438895,22.923517908851217,0.6533094419651182,-2.4376815179602196,0.005461036164304987,-3.1886128327014207
NNDR,NNDR,20251010,50,10,5,3,0.08061544917707429,1.0657302333061738,23.288890552630782,-0.04210462432808824,-1.1895079747558235,1.0798883355047078,-1.5846280657710419
NNDR,NNDR,20251010,50,11,0,3,0.19743981242899003,0.6783676530353726,21.439270497366326,-0.2624152359481881,0.399489195780374,0.30611702663574325,-0.4060716480393177
NNDR,NNDR,20251010,50,12,5,1,1.5044502869468235,-0.041608861600937706,21.015852575159503,-0.41228554269512924,-2.9737776159037614,1.26142226156417,-3.8696221583630375
NNDR,NNDR,20251010,50,13,1,3,0.5007044788117238,-0.025961454107870194,20.104604557051022,0.4335443161331731,3.1223805120763974,-0.06539399445283361,4.576982229744572
NNDR,NNDR,20251010,50,14,3,5,1.3791767667833263,1.0616987921065468,21.67347355148413,0.7594868743074825,-1.0886649553620245,0.6660781797398564,-1.5416930987325863
NNDR,NNDR,20251010,50,15,3,4,1.5255091570915191,0.4418837399317336,23.489104876556663,-0.2019078146494189,2.6359542110251724,-0.6227023968474379,0.27327660463862147
NNDR,NNDR,20251010,50,16,0,1,0.7698653891239544,0.638729780241899,24.544971564763554,-0.033801422842137004,-0.3964668639038209,0.864130901496782,-0.38971051403436013
NNDR,NNDR,20251010,50,17,1,2,2.313611246527334,0.9041081075091539,19.927746300584197,0.060177837025159726,-0.5610568864847768,0.1774549840255262,-0.6749193674385171
NNDR,NNDR,20251010,50,18,0,1,1.1839327761035314,0.6783176809443336,22.76286984824132,-0.3505004828757426,1.4395927325738092,0.5550340952702,1.9052853747194718
NNDR,NNDR,20251010,50,19,1,4,2.084867817189508,0.4421647879157415,22.481178444557944,0.9982499416321444,-0.4198605531811471,0.03411674171239701,-0.7381492231618473
NNDR,NNDR,20251010,50,20,0,0,2.3991548517190577,0.782134558051465,23.211527727083784,-0.2752940856471361,1.8252950004748099,-0.1824539049058954,0.8990064153433543
NNDR,NNDR,20251010,50,21,0,1,1.0822230095057364,0.5153879095060541,24.506810256279223,-0.03983524300487229,-2.307715894229056,0.3468303582086122,-0.08779277993966053
NNDR,NNDR,20251010,50,22,0,0,3.165680847660662,1.1980559269893696,23.924051153989687,2.843058756984144,0.08745569276051235,-0.010258311621540022,0.10909423274742727
NNDR,NNDR,20251010,50,23,1,3,1.119796176624335,-0.11432583749585559,22.41886845919976,2.853075450676962,-3.4143986749611397,-0.492551974716841,-3.2236768781564935
NNDR,NNDR,20251010,50,24,0,1,1.2780264182314733,1.9751374789694134,26.435172505013277,2.885436582486394,1.1035864006564897,0.039432703534782385,-1.0691326593448844
NNDR,NNDR,20251010,50,25,0,7,4.0220805784697085,0.7410059883996941,24.226711708799176,2.300776240212177,0.6842291189254444,0.5143319886061175,-1.1034144557517411
NNDR,NNDR,20251010,100,1,2,5,1.2212247811684653,0.9949128744427144,23.576516807378542,3.418142971511654,0.25521177734057704,0.17605515018375234,0.21618529711976778
NNDR,NNDR,20251010,100,2,1,2,1.2701382015951583,1.6834690482952233,23.8431419011148,4.447641438205962,-0.1569118328143807,-0.3308810815866176,-0.16439148359283337
NNDR,NNDR,20251010,100,3,4,5,-0.27692060412584807,0.7785561450487647,23.609792872397403,1.4763782046117373,-0.6886593783845352,-1.4207568504876926,-0.7087283049039873
NNDR,NNDR,20251010,100,4,0,2,1.4897052243565967,1.30655202637152,23.017427530111753,3.8440915660688875,-0.36383251069912126,-2.893680773471766,0.31890603350438024
NNDR,NNDR,20251010,100,7,3,3,1.1609956818673584,0.6447176765438811,22.42165387172872,-0.11127949976278449,-0.16574303466045417,0.00201609568974205,-0.1159808272662581
NNDR,NNDR,20251010,100,8,3,1,0.7970575754035585,1.3271670853234392,23.343019899958943,0.320465861469726,0.6524656482571635,-0.6933632425351021,1.130848199835518
NNDR,NNDR,20251010,100,9,3,5,-0.21713713214658478,1.1686952905564418,23.227270732583367,0.6533094423078072,0.02269564040078003,0.04975223476036529,0.09006957450349688
NNDR,NNDR,20251010,100,10,5,3,0.2959536427196152,0.133384572806371,23.12252539263624,-0.04210462457084418,-0.346787230563042,0.9275311301378759,-0.4478146822949788
NNDR,NNDR,20251010,100,11,0,3,-0.1256212798728905,-0.4590934303579804,21.237093826493943,-0.2624152369829066,-0.15741848249850773,0.331500955057171,-0.1316422214667797
NNDR,NNDR,20251010,100,12,5,1,0.4880395064033809,0.7943830409517126,23.133074059812277,-0.4122855436126489,0.008801613832199769,0.8892042626175187,-0.10359017094817415
NNDR,NNDR,20251010,100,13,1,3,0.8780363898681869,0.4652427880344238,21.940518870730543,-0.4713234078620169,-0.35352270854132906,-0.4344350944384914,-0.5725058862096939
NNDR,NNDR,20251010,100,14,3,5,0.5781682783662402,0.22506650675406395,22.142271297953485,0.0379447411216094,-0.06010739856660929,0.6272801339583474,0.187051586670967
NNDR,NNDR,20251010,100,15,3,4,0.8059922505784933,0.9509061331876933,22.970422548668832,0.43354431671744076,-1.451691815161711,-1.0999877029760199,-1.2387026655281814
NNDR,NNDR,20251010,100,16,0,1,0.8011633500645441,0.41711040548962325,23.001388961100833,0.7594868752044971,-0.12371820499579253,0.7668934738539632,-0.12646131614809053
NNDR,NNDR,20251010,100,17,1,2,0.6721334822852735,0.4332411385215577,20.49598216956677,-0.2019078138804283,0.10416232803838894,0.14278122773347438,0.08544560835826515
NNDR,NNDR,20251010,100,18,0,1,0.7512867145723445,0.8186754456469005,22.965141529318753,-0.03380142335135929,0.026757999788105825,0.8154103874805533,-0.05852749264313332
NNDR,NNDR,20251010,100,19,1,4,2.2607277258998364,0.6446022012932294,22.564569707677563,0.06017783786985563,0.06581706397109832,0.20170591037141955,0.09564669245662724
NNDR,NNDR,20251010,100,20,0,0,2.03755811060558,2.042192121356886,25.6513127485916,-0.35050048187622695,-0.4956534806846582,0.15216329381430893,0.425779839939231
NNDR,NNDR,20251010,100,21,0,1,0.8604663717483907,1.2314313754144661,24.76884375133101,0.9982499423038923,0.04994529254405135,-0.2227581625619198,0.32030928803667763
NNDR,NNDR,20251010,100,22,0,0,0.8761867098148189,1.5476465441950258,24.588396142654588,-0.2752940857688285,0.2972221729968752,0.3229008281133845,0.10175569840053511
NNDR,NNDR,20251010,100,23,1,3,1.347115374109663,0.8806441197765521,24.699061243241353,-0.03983524386293113,1.024965896784064,0.031506604058201035,1.361377732616872
NNDR,NNDR,20251010,100,24,0,1,0.8249651489473585,1.5574496809425826,25.423590192685193,2.843058756180735,-0.27100670862068804,0.7913569645996956,-0.48711219982890247
NNDR,NNDR,20251010,100,25,0,7,2.479678603549494,0.5825326708702062,23.9944840969766,2.853075451162164,-0.26302051078967736,0.07728930054263872,0.08145091796548608
