nail 4,transect,point,x,y,z
0.00333,0,0,-24.17201581,99.38235609,-6.573691309
0.00333,0,1,-24.17230147,99.37933928,-6.572445005
0.00333,0,2,-24.17258713,99.37632247,-6.573710974
0.00333,0,3,-24.17287278,99.37330566,-6.573606307
0.00333,0,4,-24.17315844,99.37028885,-6.573606307
0.00333,0,5,-24.17344409,99.36727204,-6.574446267
0.00333,0,6,-24.17372975,99.36425523,-6.575616344
0.00333,0,7,-24.17401541,99.36123842,-6.58085545
0.00333,0,8,-24.17430106,99.35822161,-6.580676066
0.00333,0,9,-24.17458672,99.35520481,-6.580924931
0.00333,0,10,-24.17487237,99.352188,-6.5822251
0.00333,0,11,-24.17515803,99.34917119,-6.5822251
0.00333,0,12,-24.17544368,99.34615438,-6.58319695
0.00333,0,13,-24.17572934,99.34313757,-6.585428631
0.00333,0,14,-24.176015,99.34012076,-6.585428631
0.00333,0,15,-24.17630065,99.33710395,-6.588067806
0.00333,0,16,-24.17658631,99.33408714,-6.590053339
0.00333,0,17,-24.17687196,99.33107033,-6.591328916
0.00333,0,18,-24.17715762,99.32805352,-6.593947817
0.00333,0,19,-24.17744327,99.32503671,-6.595476066
0.00333,0,20,-24.17772893,99.32201991,-6.598023671
0.00333,0,21,-24.17801459,99.3190031,-6.60260443
0.00333,0,22,-24.17830024,99.31598629,-6.603061346
0.00333,0,23,-24.1785859,99.31296948,-6.603266327
0.00333,0,24,-24.17887155,99.30995267,-6.604154487
0.00333,0,25,-24.17915721,99.30693586,-6.605200542
0.00333,0,26,-24.17944287,99.30391905,-6.60537432
0.00333,0,27,-24.17972852,99.30090224,-6.605958688
0.00333,0,28,-24.18001418,99.29788543,-6.593012727
0.00333,0,29,-24.18029983,99.29486862,-6.593012727
0.00333,0,30,-24.18058549,99.29185181,-6.602376554
0.00333,0,31,-24.18087114,99.28883501,-6.600967854
0.00333,0,32,-24.1811568,99.2858182,-6.60046037
0.00333,0,33,-24.18144246,99.28280139,-6.600368239
0.00333,0,34,-24.18172811,99.27978458,-6.600149861
0.00333,0,35,-24.18201377,99.27676777,-6.59979937
0.00333,0,36,-24.18229942,99.27375096,-6.59979937
0.00333,0,37,-24.18258508,99.27073415,-6.602710065
0.00333,0,38,-24.18287074,99.26771734,-6.604132463
0.00333,0,39,-24.18315639,99.26470053,-6.604195982
0.00333,0,40,-24.18344205,99.26168372,-6.604461595
0.00333,0,41,-24.1837277,99.25866691,-6.604461595
0.00333,0,42,-24.18401336,99.25565011,-6.591708295
0.00333,0,43,-24.18429901,99.2526333,-6.591708295
0.00333,0,44,-24.18458467,99.24961649,0
0.00333,0,45,-24.18487033,99.24659968,0
0.00333,0,46,-24.18515598,99.24358287,0
0.00333,0,47,-24.18544164,99.24056606,0
0.00333,0,48,-24.18572729,99.23754925,0
0.00333,0,49,-24.18601295,99.23453244,-6.56427149
0.00333,0,50,-24.18629861,99.23151563,-6.56427149
0.00333,0,51,-24.18658426,99.22849882,-6.553843889
0.00333,0,52,-24.18686992,99.22548201,-6.556961819
0.00333,0,53,-24.18715557,99.2224652,-6.556961819
0.00333,0,54,-24.18744123,99.2194484,-6.559099876
0.00333,0,55,-24.18772688,99.21643159,0
0.00333,0,56,-24.18801254,99.21341478,0
0.00333,0,57,-24.1882982,99.21039797,0
0.00333,0,58,-24.18858385,99.20738116,0
0.00333,0,59,-24.18886951,99.20436435,-6.620316738
0.00333,0,60,-24.18915516,99.20134754,-6.571457382
0.00333,0,61,-24.18944082,99.19833073,-6.572289308
0.00333,0,62,-24.18972647,99.19531392,-6.572289308
0.00333,0,63,-24.19001213,99.19229711,-6.603681471
0.00333,0,64,-24.19029779,99.1892803,-6.611530489
0.00333,0,65,-24.19058344,99.1862635,-6.616750767
0.00333,0,66,-24.1908691,99.18324669,-6.617094614
0.00333,0,67,-24.19115475,99.18022988,-6.607308005
0.00333,0,68,-24.19144041,99.17721307,-6.607210668
0.00333,0,69,-24.19172607,99.17419626,-6.607465893
0.00333,0,70,-24.19201172,99.17117945,-6.618644643
0.00333,0,71,-24.19229738,99.16816264,-6.621181245
0.00333,0,72,-24.19258303,99.16514583,-6.620369989
0.00333,0,73,-24.19286869,99.16212902,-6.619999767
0.00333,0,74,-24.19315434,99.15911221,-6.618395161
0.00333,0,75,-24.19344,99.1560954,-6.617693587
0.00333,0,76,-24.19372566,99.1530786,-6.618257304
0.00333,0,77,-24.19401131,99.15006179,-6.617644831
0.00333,0,78,-24.19429697,99.14704498,-6.616830355
0.00333,0,79,-24.19458262,99.14402817,-6.613956538
0.00333,0,80,-24.19486828,99.14101136,-6.603041959
0.00333,0,81,-24.19515394,99.13799455,-6.602731666
0.00333,0,82,-24.19543959,99.13497774,-6.602731666
0.00333,0,83,-24.19572525,99.13196093,-6.578240345
0.00333,0,84,-24.1960109,99.12894412,-6.578240345
0.00333,0,85,-24.19629656,99.12592731,-6.578885322
0.00333,0,86,-24.19658221,99.1229105,-6.582036303
0.00333,0,87,-24.19686787,99.1198937,-6.599040605
0.00333,0,88,-24.19715353,99.11687689,-6.598271616
0.00333,0,89,-24.19743918,99.11386008,-6.599441663
0.00333,0,90,-24.19772484,99.11084327,-6.597472597
0.00333,0,91,-24.19801049,99.10782646,-6.597472597
0.00333,0,92,-24.19829615,99.10480965,-6.604930466
0.00333,0,93,-24.1985818,99.10179284,-6.603858092
0.00333,0,94,-24.19886746,99.09877603,-6.61280419
0.00333,0,95,-24.19915312,99.09575922,-6.614526693
0.00333,0,96,-24.19943877,99.09274241,-6.615126254
0.00333,0,97,-24.19972443,99.0897256,-6.592968164
0.00333,0,98,-24.20001008,99.08670879,-6.591884269
0.00333,0,99,-24.20029574,99.08369199,-6.59239464
0.00333,1,0,-24.18694902,99.38377008,-6.562719437
0.00333,1,1,-24.18723468,99.38075327,-6.562719437
0.00333,1,2,-24.18752033,99.37773647,-6.564218452
0.00333,1,3,-24.18780599,99.37471966,-6.565155872
0.00333,1,4,-24.18809164,99.37170285,-6.572428834
0.00333,1,5,-24.1883773,99.36868604,-6.572428834
0.00333,1,6,-24.18866295,99.36566923,-6.573292063
0.00333,1,7,-24.18894861,99.36265242,-6.580358635
0.00333,1,8,-24.18923427,99.35963561,-6.580454901
0.00333,1,9,-24.18951992,99.3566188,-6.580511714
0.00333,1,10,-24.18980558,99.35360199,-6.580762809
0.00333,1,11,-24.19009123,99.35058518,-6.581767582
0.00333,1,12,-24.19037689,99.34756837,-6.582566352
0.00333,1,13,-24.19066255,99.34455157,-6.582566352
0.00333,1,14,-24.1909482,99.34153476,-6.583824862
0.00333,1,15,-24.19123386,99.33851795,-6.585782404
0.00333,1,16,-24.19151951,99.33550114,-6.587235026
0.00333,1,17,-24.19180517,99.33248433,-6.589641354
0.00333,1,18,-24.19209082,99.32946752,-6.589889359
0.00333,1,19,-24.19237648,99.32645071,-6.592701114
0.00333,1,20,-24.19266214,99.3234339,-6.594164268
0.00333,1,21,-24.19294779,99.32041709,-6.595538619
0.00333,1,22,-24.19323345,99.31740028,-6.59604263
0.00333,1,23,-24.1935191,99.31438347,-6.597538172
0.00333,1,24,-24.19380476,99.31136667,-6.598598637
0.00333,1,25,-24.19409041,99.30834986,-6.599297183
0.00333,1,26,-24.19437607,99.30533305,-6.600573166
0.00333,1,27,-24.19466173,99.30231624,-6.602711722
0.00333,1,28,-24.19494738,99.29929943,-6.605104819
0.00333,1,29,-24.19523304,99.29628262,-6.606790917
0.00333,1,30,-24.19551869,99.29326581,-6.605718176
0.00333,1,31,-24.19580435,99.290249,-6.605231961
0.00333,1,32,-24.19609001,99.28723219,-6.603542082
0.00333,1,33,-24.19637566,99.28421538,-6.602659763
0.00333,1,34,-24.19666132,99.28119857,-6.602777712
0.00333,1,35,-24.19694697,99.27818177,-6.601692207
0.00333,1,36,-24.19723263,99.27516496,-6.601195407
0.00333,1,37,-24.19751828,99.27214815,-6.60083371
0.00333,1,38,-24.19780394,99.26913134,-6.600747974
0.00333,1,39,-24.1980896,99.26611453,-6.598197084
0.00333,1,40,-24.19837525,99.26309772,-6.598133565
0.00333,1,41,-24.19866091,99.26008091,-6.597630267
0.00333,1,42,-24.19894656,99.2570641,-6.597375252
0.00333,1,43,-24.19923222,99.25404729,-6.586541206
0.00333,1,44,-24.19951788,99.25103048,-6.586099479
0.00333,1,45,-24.19980353,99.24801367,-6.586099479
0.00333,1,46,-24.20008919,99.24499686,-6.589825983
0.00333,1,47,-24.20037484,99.24198006,-6.589825983
0.00333,1,48,-24.2006605,99.23896325,-6.569977036
0.00333,1,49,-24.20094615,99.23594644,-6.569929884
0.00333,1,50,-24.20123181,99.23292963,-6.577254756
0.00333,1,51,-24.20151747,99.22991282,-6.575700602
0.00333,1,52,-24.20180312,99.22689601,-6.575700602
0.00333,1,53,-24.20208878,99.2238792,-6.577911202
0.00333,1,54,-24.20237443,99.22086239,-6.575050433
0.00333,1,55,-24.20266009,99.21784558,-6.575050433
0.00333,1,56,-24.20294574,99.21482877,-6.575790376
0.00333,1,57,-24.2032314,99.21181196,-6.576877894
0.00333,1,58,-24.20351706,99.20879516,-6.569801047
0.00333,1,59,-24.20380271,99.20577835,-6.566957373
0.00333,1,60,-24.20408837,99.20276154,-6.564445878
0.00333,1,61,-24.20437402,99.19974473,-6.564445878
0.00333,1,62,-24.20465968,99.19672792,0
0.00333,1,63,-24.20494534,99.19371111,-6.600664271
0.00333,1,64,-24.20523099,99.1906943,-6.599586867
0.00333,1,65,-24.20551665,99.18767749,-6.595942082
0.00333,1,66,-24.2058023,99.18466068,-6.595331614
0.00333,1,67,-24.20608796,99.18164387,-6.594750654
0.00333,1,68,-24.20637361,99.17862706,-6.594750654
0.00333,1,69,-24.20665927,99.17561026,-6.600552327
0.00333,1,70,-24.20694493,99.17259345,-6.601700627
0.00333,1,71,-24.20723058,99.16957664,-6.610412329
0.00333,1,72,-24.20751624,99.16655983,-6.614700545
0.00333,1,73,-24.20780189,99.16354302,-6.616157267
0.00333,1,74,-24.20808755,99.16052621,-6.617450229
0.00333,1,75,-24.20837321,99.1575094,-6.620995755
0.00333,1,76,-24.20865886,99.15449259,-6.620552996
0.00333,1,77,-24.20894452,99.15147578,-6.620708148
0.00333,1,78,-24.20923017,99.14845897,-6.61943418
0.00333,1,79,-24.20951583,99.14544216,-6.61943418
0.00333,1,80,-24.20980148,99.14242536,-6.620785815
0.00333,1,81,-24.21008714,99.13940855,-6.618625326
0.00333,1,82,-24.2103728,99.13639174,-6.583699647
0.00333,1,83,-24.21065845,99.13337493,-6.581531972
0.00333,1,84,-24.21094411,99.13035812,-6.581882926
0.00333,1,85,-24.21122976,99.12734131,-6.610754064
0.00333,1,86,-24.21151542,99.1243245,-6.62010189
0.00333,1,87,-24.21180108,99.12130769,-6.619368766
0.00333,1,88,-24.21208673,99.11829088,-6.617982964
0.00333,1,89,-24.21237239,99.11527407,-6.6035552
0.00333,1,90,-24.21265804,99.11225726,-6.600899752
0.00333,1,91,-24.2129437,99.10924045,-6.600899752
0.00333,1,92,-24.21322935,99.10622365,-6.595972976
0.00333,1,93,-24.21351501,99.10320684,-6.595972976
0.00333,1,94,-24.21380067,99.10019003,-6.597854002
0.00333,1,95,-24.21408632,99.09717322,-6.604209435
0.00333,1,96,-24.21437198,99.09415641,-6.602080928
0.00333,1,97,-24.21465763,99.0911396,-6.601747006
0.00333,1,98,-24.21494329,99.08812279,-6.600682272
0.00333,1,99,-24.21522894,99.08510598,-6.599271633
0.00333,2,0,-24.20188222,99.38518408,-6.563264958
0.00333,2,1,-24.20216788,99.38216727,-6.563264958
0.00333,2,2,-24.20245354,99.37915046,-6.564771641
0.00333,2,3,-24.20273919,99.37613365,-6.573718584
0.00333,2,4,-24.20302485,99.37311684,-6.573814598
0.00333,2,5,-24.2033105,99.37010003,-6.572476133
0.00333,2,6,-24.20359616,99.36708323,-6.572476133
0.00333,2,7,-24.20388182,99.36406642,-6.572565846
0.00333,2,8,-24.20416747,99.36104961,-6.57973278
0.00333,2,9,-24.20445313,99.3580328,-6.582904916
0.00333,2,10,-24.20473878,99.35501599,-6.585244144
0.00333,2,11,-24.20502444,99.35199918,-6.585656709
0.00333,2,12,-24.20531009,99.34898237,-6.587084242
0.00333,2,13,-24.20559575,99.34596556,-6.588077894
0.00333,2,14,-24.20588141,99.34294875,-6.588997026
0.00333,2,15,-24.20616706,99.33993194,-6.589499556
0.00333,2,16,-24.20645272,99.33691513,-6.587385192
0.00333,2,17,-24.20673837,99.33389833,-6.587385192
0.00333,2,18,-24.20702403,99.33088152,-6.588176187
0.00333,2,19,-24.20730969,99.32786471,-6.591712062
0.00333,2,20,-24.20759534,99.3248479,-6.592382668
0.00333,2,21,-24.207881,99.32183109,-6.593352909
0.00333,2,22,-24.20816665,99.31881428,-6.594096433
0.00333,2,23,-24.20845231,99.31579747,-6.595025456
0.00333,2,24,-24.20873796,99.31278066,-6.59561165
0.00333,2,25,-24.20902362,99.30976385,-6.595859511
0.00333,2,26,-24.20930928,99.30674704,-6.597618126
0.00333,2,27,-24.20959493,99.30373023,-6.597594357
0.00333,2,28,-24.20988059,99.30071343,-6.597575462
0.00333,2,29,-24.21016624,99.29769662,-6.596839248
0.00333,2,30,-24.2104519,99.29467981,-6.596750235
0.00333,2,31,-24.21073755,99.291663,-6.596528904
0.00333,2,32,-24.21102321,99.28864619,-6.595134978
0.00333,2,33,-24.21130887,99.28562938,-6.594720009
0.00333,2,34,-24.21159452,99.28261257,-6.594252009
0.00333,2,35,-24.21188018,99.27959576,-6.593615543
0.00333,2,36,-24.21216583,99.27657895,-6.593472664
0.00333,2,37,-24.21245149,99.27356214,-6.592404695
0.00333,2,38,-24.21273715,99.27054533,-6.591037742
0.00333,2,39,-24.2130228,99.26752852,-6.590302423
0.00333,2,40,-24.21330846,99.26451172,-6.589235581
0.00333,2,41,-24.21359411,99.26149491,-6.588245709
0.00333,2,42,-24.21387977,99.2584781,-6.588147203
0.00333,2,43,-24.21416542,99.25546129,-6.587933272
0.00333,2,44,-24.21445108,99.25244448,-6.588943172
0.00333,2,45,-24.21473674,99.24942767,-6.588995008
0.00333,2,46,-24.21502239,99.24641086,-6.590921564
0.00333,2,47,-24.21530805,99.24339405,-6.592354151
0.00333,2,48,-24.2155937,99.24037724,-6.593818185
0.00333,2,49,-24.21587936,99.23736043,-6.595965556
0.00333,2,50,-24.21616502,99.23434362,-6.595965556
0.00333,2,51,-24.21645067,99.23132682,-6.592927273
0.00333,2,52,-24.21673633,99.22831001,-6.593339686
0.00333,2,53,-24.21702198,99.2252932,-6.594990411
0.00333,2,54,-24.21730764,99.22227639,0
0.00333,2,55,-24.21759329,99.21925958,0
0.00333,2,56,-24.21787895,99.21624277,0
0.00333,2,57,-24.21816461,99.21322596,0
0.00333,2,58,-24.21845026,99.21020915,-6.599062288
0.00333,2,59,-24.21873592,99.20719234,-6.599062288
0.00333,2,60,-24.21902157,99.20417553,-6.598876565
0.00333,2,61,-24.21930723,99.20115872,-6.598876565
0.00333,2,62,-24.21959288,99.19814192,-6.598696889
0.00333,2,63,-24.21987854,99.19512511,-6.599383377
0.00333,2,64,-24.2201642,99.1921083,-6.60310186
0.00333,2,65,-24.22044985,99.18909149,-6.603201694
0.00333,2,66,-24.22073551,99.18607468,-6.602460088
0.00333,2,67,-24.22102116,99.18305787,-6.609751373
0.00333,2,68,-24.22130682,99.18004106,-6.606653773
0.00333,2,69,-24.22159248,99.17702425,-6.606653773
0.00333,2,70,-24.22187813,99.17400744,-6.607810898
0.00333,2,71,-24.22216379,99.17099063,-6.607990106
0.00333,2,72,-24.22244944,99.16797382,-6.608921575
0.00333,2,73,-24.2227351,99.16495702,-6.609952577
0.00333,2,74,-24.22302075,99.16194021,-6.610126573
0.00333,2,75,-24.22330641,99.1589234,-6.611962809
0.00333,2,76,-24.22359207,99.15590659,-6.614255967
0.00333,2,77,-24.22387772,99.15288978,-6.611341077
0.00333,2,78,-24.22416338,99.14987297,-6.619339105
0.00333,2,79,-24.22444903,99.14685616,-6.620128261
0.00333,2,80,-24.22473469,99.14383935,-6.575572518
0.00333,2,81,-24.22502035,99.14082254,-6.574454301
0.00333,2,82,-24.225306,99.13780573,-6.574454301
0.00333,2,83,-24.22559166,99.13478892,-6.575169382
0.00333,2,84,-24.22587731,99.13177211,-6.610043783
0.00333,2,85,-24.22616297,99.12875531,-6.60982114
0.00333,2,86,-24.22644862,99.1257385,-6.606351447
0.00333,2,87,-24.22673428,99.12272169,-6.597205583
0.00333,2,88,-24.22701994,99.11970488,-6.597003437
0.00333,2,89,-24.22730559,99.11668807,-6.597003437
0.00333,2,90,-24.22759125,99.11367126,-6.596519726
0.00333,2,91,-24.2278769,99.11065445,-6.590278941
0.00333,2,92,-24.22816256,99.10763764,-6.589304814
0.00333,2,93,-24.22844822,99.10462083,-6.589335874
0.00333,2,94,-24.22873387,99.10160402,-6.589473252
0.00333,2,95,-24.22901953,99.09858721,-6.596980242
0.00333,2,96,-24.22930518,99.09557041,-6.596604829
0.00333,2,97,-24.22959084,99.0925536,-6.595224908
0.00333,2,98,-24.22987649,99.08953679,-6.594709807
0.00333,2,99,-24.23016215,99.08651998,-6.588148401
0.00333,3,0,-24.21681543,99.38659808,-6.576175601
0.00333,3,1,-24.21710109,99.38358127,-6.574364973
0.00333,3,2,-24.21738674,99.38056446,-6.575103005
0.00333,3,3,-24.2176724,99.37754765,-6.580717815
0.00333,3,4,-24.21795805,99.37453084,-6.580717815
0.00333,3,5,-24.21824371,99.37151403,-6.584473023
0.00333,3,6,-24.21852936,99.36849722,-6.583876232
0.00333,3,7,-24.21881502,99.36548041,-6.585791653
0.00333,3,8,-24.21910068,99.3624636,-6.588833508
0.00333,3,9,-24.21938633,99.35944679,-6.590275301
0.00333,3,10,-24.21967199,99.35642999,-6.590686376
0.00333,3,11,-24.21995764,99.35341318,-6.593215897
0.00333,3,12,-24.2202433,99.35039637,-6.595708942
0.00333,3,13,-24.22052896,99.34737956,-6.596418648
0.00333,3,14,-24.22081461,99.34436275,-6.596622406
0.00333,3,15,-24.22110027,99.34134594,-6.584686099
0.00333,3,16,-24.22138592,99.33832913,-6.584686099
0.00333,3,17,-24.22167158,99.33531232,-6.585057995
0.00333,3,18,-24.22195723,99.33229551,-6.585369115
0.00333,3,19,-24.22224289,99.3292787,-6.589106558
0.00333,3,20,-24.22252855,99.32626189,-6.576322017
0.00333,3,21,-24.2228142,99.32324509,-6.576322017
0.00333,3,22,-24.22309986,99.32022828,-6.582518414
0.00333,3,23,-24.22338551,99.31721147,-6.582518414
0.00333,3,24,-24.22367117,99.31419466,-6.584304969
0.00333,3,25,-24.22395683,99.31117785,-6.584616472
0.00333,3,26,-24.22424248,99.30816104,-6.585308542
0.00333,3,27,-24.22452814,99.30514423,-6.587955375
0.00333,3,28,-24.22481379,99.30212742,-6.592835899
0.00333,3,29,-24.22509945,99.29911061,-6.590786946
0.00333,3,30,-24.2253851,99.2960938,-6.588002958
0.00333,3,31,-24.22567076,99.29307699,-6.587761161
0.00333,3,32,-24.22595642,99.29006019,-6.587071066
0.00333,3,33,-24.22624207,99.28704338,-6.586947976
0.00333,3,34,-24.22652773,99.28402657,-6.586870038
0.00333,3,35,-24.22681338,99.28100976,-6.584046637
0.00333,3,36,-24.22709904,99.27799295,-6.583388866
0.00333,3,37,-24.22738469,99.27497614,-6.583284338
0.00333,3,38,-24.22767035,99.27195933,-6.582829874
0.00333,3,39,-24.22795601,99.26894252,-6.583082212
0.00333,3,40,-24.22824166,99.26592571,-6.582924539
0.00333,3,41,-24.22852732,99.2629089,-6.583401072
0.00333,3,42,-24.22881297,99.25989209,-6.583351196
0.00333,3,43,-24.22909863,99.25687528,-6.583477873
0.00333,3,44,-24.22938429,99.25385848,-6.58413326
0.00333,3,45,-24.22966994,99.25084167,-6.585765619
0.00333,3,46,-24.2299556,99.24782486,-6.587135536
0.00333,3,47,-24.23024125,99.24480805,-6.588209757
0.00333,3,48,-24.23052691,99.24179124,-6.591407124
0.00333,3,49,-24.23081256,99.23877443,-6.592800413
0.00333,3,50,-24.23109822,99.23575762,-6.596007695
0.00333,3,51,-24.23138388,99.23274081,-6.598671472
0.00333,3,52,-24.23166953,99.229724,-6.59928806
0.00333,3,53,-24.23195519,99.22670719,-6.600337717
0.00333,3,54,-24.23224084,99.22369038,0
0.00333,3,55,-24.2325265,99.22067358,0
0.00333,3,56,-24.23281216,99.21765677,0
0.00333,3,57,-24.23309781,99.21463996,-6.612085777
0.00333,3,58,-24.23338347,99.21162315,-6.612085777
0.00333,3,59,-24.23366912,99.20860634,-6.612495875
0.00333,3,60,-24.23395478,99.20558953,-6.609325021
0.00333,3,61,-24.23424043,99.20257272,-6.609325021
0.00333,3,62,-24.23452609,99.19955591,-6.604714837
0.00333,3,63,-24.23481175,99.1965391,-6.604041646
0.00333,3,64,-24.2350974,99.19352229,-6.604041646
0.00333,3,65,-24.23538306,99.19050548,-6.607908848
0.00333,3,66,-24.23566871,99.18748868,-6.607075254
0.00333,3,67,-24.23595437,99.18447187,-6.608255186
0.00333,3,68,-24.23624002,99.18145506,-6.608428437
0.00333,3,69,-24.23652568,99.17843825,-6.607874384
0.00333,3,70,-24.23681134,99.17542144,-6.607957527
0.00333,3,71,-24.23709699,99.17240463,-6.608419808
0.00333,3,72,-24.23738265,99.16938782,-6.608875836
0.00333,3,73,-24.2376683,99.16637101,-6.609592243
0.00333,3,74,-24.23795396,99.1633542,-6.610100889
0.00333,3,75,-24.23823962,99.16033739,-6.603363341
0.00333,3,76,-24.23852527,99.15732058,-6.603363341
0.00333,3,77,-24.23881093,99.15430378,-6.603447147
0.00333,3,78,-24.23909658,99.15128697,-6.604704235
0.00333,3,79,-24.23938224,99.14827016,-6.569008049
0.00333,3,80,-24.23966789,99.14525335,-6.569008049
0.00333,3,81,-24.23995355,99.14223654,-6.570400191
0.00333,3,82,-24.24023921,99.13921973,-6.596987239
0.00333,3,83,-24.24052486,99.13620292,-6.596987239
0.00333,3,84,-24.24081052,99.13318611,-6.606259799
0.00333,3,85,-24.24109617,99.1301693,-6.608809669
0.00333,3,86,-24.24138183,99.12715249,-6.605101971
0.00333,3,87,-24.24166749,99.12413568,-6.597088238
0.00333,3,88,-24.24195314,99.12111887,-6.597309517
0.00333,3,89,-24.2422388,99.11810207,-6.601015069
0.00333,3,90,-24.24252445,99.11508526,-6.590474227
0.00333,3,91,-24.24281011,99.11206845,-6.590474227
0.00333,3,92,-24.24309576,99.10905164,-6.590421435
0.00333,3,93,-24.24338142,99.10603483,-6.590421435
0.00333,3,94,-24.24366708,99.10301802,-6.590771894
0.00333,3,95,-24.24395273,99.10000121,-6.595541654
0.00333,3,96,-24.24423839,99.0969844,-6.594251229
0.00333,3,97,-24.24452404,99.09396759,-6.593722426
0.00333,3,98,-24.2448097,99.09095078,-6.593164488
0.00333,3,99,-24.24509536,99.08793397,-6.591983004
0.00333,4,0,-24.23174863,99.38801207,-6.564796544
0.00333,4,1,-24.23203429,99.38499526,-6.564796544
0.00333,4,2,-24.23231995,99.38197845,-6.565295312
0.00333,4,3,-24.2326056,99.37896165,-6.566463367
0.00333,4,4,-24.23289126,99.37594484,-6.576683419
0.00333,4,5,-24.23317691,99.37292803,-6.576683419
0.00333,4,6,-24.23346257,99.36991122,-6.582056986
0.00333,4,7,-24.23374823,99.36689441,-6.582056986
0.00333,4,8,-24.23403388,99.3638776,-6.582363825
0.00333,4,9,-24.23431954,99.36086079,-6.581973322
0.00333,4,10,-24.23460519,99.35784398,-6.57936039
0.00333,4,11,-24.23489085,99.35482717,-6.581958267
0.00333,4,12,-24.2351765,99.35181036,-6.582245044
0.00333,4,13,-24.23546216,99.34879355,0
0.00333,4,14,-24.23574782,99.34577675,0
0.00333,4,15,-24.23603347,99.34275994,0
0.00333,4,16,-24.23631913,99.33974313,-6.608100914
0.00333,4,17,-24.23660478,99.33672632,-6.591320138
0.00333,4,18,-24.23689044,99.33370951,-6.590792967
0.00333,4,19,-24.2371761,99.3306927,-6.581349918
0.00333,4,20,-24.23746175,99.32767589,-6.581812537
0.00333,4,21,-24.23774741,99.32465908,-6.580190212
0.00333,4,22,-24.23803306,99.32164227,-6.553455217
0.00333,4,23,-24.23831872,99.31862546,-6.566162098
0.00333,4,24,-24.23860437,99.31560865,-6.565634586
0.00333,4,25,-24.23889003,99.31259185,-6.567615911
0.00333,4,26,-24.23917569,99.30957504,-6.57342883
0.00333,4,27,-24.23946134,99.30655823,-6.582326347
0.00333,4,28,-24.239747,99.30354142,-6.58615501
0.00333,4,29,-24.24003265,99.30052461,-6.584739049
0.00333,4,30,-24.24031831,99.2975078,-6.581744207
0.00333,4,31,-24.24060397,99.29449099,-6.581121408
0.00333,4,32,-24.24088962,99.29147418,-6.577966932
0.00333,4,33,-24.24117528,99.28845737,-6.567194141
0.00333,4,34,-24.24146093,99.28544056,-6.567194141
0.00333,4,35,-24.24174659,99.28242375,-6.567233451
0.00333,4,36,-24.24203224,99.27940694,-6.577353626
0.00333,4,37,-24.2423179,99.27639014,-6.577775417
0.00333,4,38,-24.24260356,99.27337333,-6.577775417
0.00333,4,39,-24.24288921,99.27035652,-6.579485286
0.00333,4,40,-24.24317487,99.26733971,-6.580240666
0.00333,4,41,-24.24346052,99.2643229,-6.580974633
0.00333,4,42,-24.24374618,99.26130609,-6.583465115
0.00333,4,43,-24.24403183,99.25828928,-6.584147417
0.00333,4,44,-24.24431749,99.25527247,-6.586332134
0.00333,4,45,-24.24460315,99.25225566,-6.587699831
0.00333,4,46,-24.2448888,99.24923885,-6.588930993
0.00333,4,47,-24.24517446,99.24622204,-6.591936475
0.00333,4,48,-24.24546011,99.24320524,-6.594467857
0.00333,4,49,-24.24574577,99.24018843,-6.597424771
0.00333,4,50,-24.24603143,99.23717162,-6.598932162
0.00333,4,51,-24.24631708,99.23415481,-6.601027362
0.00333,4,52,-24.24660274,99.231138,-6.586240284
0.00333,4,53,-24.24688839,99.22812119,-6.585539117
0.00333,4,54,-24.24717405,99.22510438,-6.585539117
0.00333,4,55,-24.2474597,99.22208757,-6.588408601
0.00333,4,56,-24.24774536,99.21907076,0
0.00333,4,57,-24.24803102,99.21605395,0
0.00333,4,58,-24.24831667,99.21303714,-6.596988242
0.00333,4,59,-24.24860233,99.21002034,-6.573842663
0.00333,4,60,-24.24888798,99.20700353,-6.572520688
0.00333,4,61,-24.24917364,99.20398672,-6.572565675
0.00333,4,62,-24.2494593,99.20096991,-6.575090999
0.00333,4,63,-24.24974495,99.1979531,-6.578053876
0.00333,4,64,-24.25003061,99.19493629,-6.58885979
0.00333,4,65,-24.25031626,99.19191948,-6.588888047
0.00333,4,66,-24.25060192,99.18890267,-6.58800297
0.00333,4,67,-24.25088757,99.18588586,-6.586043333
0.00333,4,68,-24.25117323,99.18286905,-6.58287975
0.00333,4,69,-24.25145889,99.17985224,-6.58321729
0.00333,4,70,-24.25174454,99.17683544,-6.586064708
0.00333,4,71,-24.2520302,99.17381863,-6.584836945
0.00333,4,72,-24.25231585,99.17080182,-6.607210408
0.00333,4,73,-24.25260151,99.16778501,-6.608852143
0.00333,4,74,-24.25288716,99.1647682,-6.609277299
0.00333,4,75,-24.25317282,99.16175139,-6.610615314
0.00333,4,76,-24.25345848,99.15873458,-6.602974703
0.00333,4,77,-24.25374413,99.15571777,-6.602227994
0.00333,4,78,-24.25402979,99.15270096,-6.570370993
0.00333,4,79,-24.25431544,99.14968415,-6.580909133
0.00333,4,80,-24.2546011,99.14666734,-6.580909133
0.00333,4,81,-24.25488676,99.14365053,-6.601429839
0.00333,4,82,-24.25517241,99.14063373,-6.602191618
0.00333,4,83,-24.25545807,99.13761692,-6.606667999
0.00333,4,84,-24.25574372,99.13460011,-6.606194289
0.00333,4,85,-24.25602938,99.1315833,-6.593722711
0.00333,4,86,-24.25631503,99.12856649,-6.593722711
0.00333,4,87,-24.25660069,99.12554968,-6.599941503
0.00333,4,88,-24.25688635,99.12253287,-6.593503425
0.00333,4,89,-24.257172,99.11951606,-6.593503425
0.00333,4,90,-24.25745766,99.11649925,-6.593926755
0.00333,4,91,-24.25774331,99.11348244,-6.595024033
0.00333,4,92,-24.25802897,99.11046563,-6.596452208
0.00333,4,93,-24.25831463,99.10744883,-6.596452208
0.00333,4,94,-24.25860028,99.10443202,-6.600491862
0.00333,4,95,-24.25888594,99.10141521,-6.596787167
0.00333,4,96,-24.25917159,99.0983984,-6.596848274
0.00333,4,97,-24.25945725,99.09538159,-6.596710289
0.00333,4,98,-24.2597429,99.09236478,-6.596387882
0.00333,4,99,-24.26002856,99.08934797,-6.596164993
0.00333,5,0,-24.24668184,99.38942607,-6.562978837
0.00333,5,1,-24.2469675,99.38640926,-6.563492848
0.00333,5,2,-24.24725315,99.38339245,-6.564064405
0.00333,5,3,-24.24753881,99.38037564,-6.563198771
0.00333,5,4,-24.24782446,99.37735883,-6.563879528
0.00333,5,5,-24.24811012,99.37434202,-6.564313161
0.00333,5,6,-24.24839577,99.37132521,-6.565861487
0.00333,5,7,-24.24868143,99.36830841,-6.571517145
0.00333,5,8,-24.24896709,99.3652916,-6.572208588
0.00333,5,9,-24.24925274,99.36227479,-6.582730267
0.00333,5,10,-24.2495384,99.35925798,-6.582730267
0.00333,5,11,-24.24982405,99.35624117,-6.58427912
0.00333,5,12,-24.25010971,99.35322436,-6.584645831
0.00333,5,13,-24.25039537,99.35020755,-6.637765274
0.00333,5,14,-24.25068102,99.34719074,-6.532051586
0.00333,5,15,-24.25096668,99.34417393,-6.532051586
0.00333,5,16,-24.25125233,99.34115712,-6.532164487
0.00333,5,17,-24.25153799,99.33814031,-6.57223013
0.00333,5,18,-24.25182364,99.33512351,-6.57223013
0.00333,5,19,-24.2521093,99.3321067,-6.572028713
0.00333,5,20,-24.25239496,99.32908989,-6.572028713
0.00333,5,21,-24.25268061,99.32607308,-6.547593907
0.00333,5,22,-24.25296627,99.32305627,-6.547501538
0.00333,5,23,-24.25325192,99.32003946,-6.547501538
0.00333,5,24,-24.25353758,99.31702265,-6.55663958
0.00333,5,25,-24.25382324,99.31400584,-6.556002303
0.00333,5,26,-24.25410889,99.31098903,-6.553617416
0.00333,5,27,-24.25439455,99.30797222,-6.551763029
0.00333,5,28,-24.2546802,99.30495541,-6.558599313
0.00333,5,29,-24.25496586,99.3019386,-6.569575317
0.00333,5,30,-24.25525151,99.2989218,-6.571626296
0.00333,5,31,-24.25553717,99.29590499,-6.570781036
0.00333,5,32,-24.25582283,99.29288818,-6.570599626
0.00333,5,33,-24.25610848,99.28987137,-6.571049184
0.00333,5,34,-24.25639414,99.28685456,-6.571578434
0.00333,5,35,-24.25667979,99.28383775,-6.571578434
0.00333,5,36,-24.25696545,99.28082094,-6.573633868
0.00333,5,37,-24.2572511,99.27780413,-6.580015474
0.00333,5,38,-24.25753676,99.27478732,-6.581133841
0.00333,5,39,-24.25782242,99.27177051,-6.582634287
0.00333,5,40,-24.25810807,99.2687537,-6.584377351
0.00333,5,41,-24.25839373,99.2657369,-6.585467547
0.00333,5,42,-24.25867938,99.26272009,-6.586830094
0.00333,5,43,-24.25896504,99.25970328,-6.58716662
0.00333,5,44,-24.2592507,99.25668647,-6.587680717
0.00333,5,45,-24.25953635,99.25366966,-6.590762122
0.00333,5,46,-24.25982201,99.25065285,-6.593419035
0.00333,5,47,-24.26010766,99.24763604,-6.59565733
0.00333,5,48,-24.26039332,99.24461923,-6.599177798
0.00333,5,49,-24.26067897,99.24160242,-6.601550468
0.00333,5,50,-24.26096463,99.23858561,-6.604527468
0.00333,5,51,-24.26125029,99.2355688,-6.605294704
0.00333,5,52,-24.26153594,99.232552,-6.605725237
0.00333,5,53,-24.2618216,99.22953519,-6.600635251
0.00333,5,54,-24.26210725,99.22651838,-6.583051841
0.00333,5,55,-24.26239291,99.22350157,-6.582164295
0.00333,5,56,-24.26267857,99.22048476,-6.578562966
0.00333,5,57,-24.26296422,99.21746795,-6.578562966
0.00333,5,58,-24.26324988,99.21445114,-6.572543753
0.00333,5,59,-24.26353553,99.21143433,-6.572479751
0.00333,5,60,-24.26382119,99.20841752,-6.572479751
0.00333,5,61,-24.26410684,99.20540071,-6.573726204
0.00333,5,62,-24.2643925,99.2023839,-6.573244668
0.00333,5,63,-24.26467816,99.1993671,-6.573244668
0.00333,5,64,-24.26496381,99.19635029,-6.57678531
0.00333,5,65,-24.26524947,99.19333348,-6.577741604
0.00333,5,66,-24.26553512,99.19031667,-6.579657999
0.00333,5,67,-24.26582078,99.18729986,-6.578114048
0.00333,5,68,-24.26610644,99.18428305,-6.578070707
0.00333,5,69,-24.26639209,99.18126624,-6.576678716
0.00333,5,70,-24.26667775,99.17824943,-6.576678716
0.00333,5,71,-24.2669634,99.17523262,-6.574531877
0.00333,5,72,-24.26724906,99.17221581,-6.574531877
0.00333,5,73,-24.26753471,99.169199,-6.577454128
0.00333,5,74,-24.26782037,99.16618219,-6.577454128
0.00333,5,75,-24.26810603,99.16316539,-6.569340226
0.00333,5,76,-24.26839168,99.16014858,-6.568489075
0.00333,5,77,-24.26867734,99.15713177,-6.561568442
0.00333,5,78,-24.26896299,99.15411496,-6.578824679
0.00333,5,79,-24.26924865,99.15109815,-6.577608568
0.00333,5,80,-24.2695343,99.14808134,-6.586946779
0.00333,5,81,-24.26981996,99.14506453,-6.589265201
0.00333,5,82,-24.27010562,99.14204772,-6.592852537
0.00333,5,83,-24.27039127,99.13903091,-6.601358923
0.00333,5,84,-24.27067693,99.1360141,-6.602134453
0.00333,5,85,-24.27096258,99.13299729,-6.601511778
0.00333,5,86,-24.27124824,99.12998049,-6.596063287
0.00333,5,87,-24.2715339,99.12696368,-6.595473173
0.00333,5,88,-24.27181955,99.12394687,-6.599233914
0.00333,5,89,-24.27210521,99.12093006,-6.59381987
0.00333,5,90,-24.27239086,99.11791325,-6.584986983
0.00333,5,91,-24.27267652,99.11489644,-6.586425272
0.00333,5,92,-24.27296217,99.11187963,-6.58741845
0.00333,5,93,-24.27324783,99.10886282,-6.586870247
0.00333,5,94,-24.27353349,99.10584601,-6.585884352
0.00333,5,95,-24.27381914,99.1028292,-6.581942206
0.00333,5,96,-24.2741048,99.09981239,-6.581942206
0.00333,5,97,-24.27439045,99.09679559,-6.580244372
0.00333,5,98,-24.27467611,99.09377878,-6.580244372
0.00333,5,99,-24.27496177,99.09076197,-6.580522939
0.00333,6,0,-24.26161505,99.39084007,-6.557127389
0.00333,6,1,-24.2619007,99.38782326,-6.557172594
0.00333,6,2,-24.26218636,99.38480645,-6.558500989
0.00333,6,3,-24.26247201,99.38178964,-6.559514664
0.00333,6,4,-24.26275767,99.37877283,-6.560629595
0.00333,6,5,-24.26304332,99.37575602,-6.563269918
0.00333,6,6,-24.26332898,99.37273921,-6.566517752
0.00333,6,7,-24.26361464,99.3697224,-6.57025025
0.00333,6,8,-24.26390029,99.36670559,-6.569026535
0.00333,6,9,-24.26418595,99.36368878,-6.565756715
0.00333,6,10,-24.2644716,99.36067197,-6.56315792
0.00333,6,11,-24.26475726,99.35765517,-6.56315792
0.00333,6,12,-24.26504291,99.35463836,0
0.00333,6,13,-24.26532857,99.35162155,0
0.00333,6,14,-24.26561423,99.34860474,0
0.00333,6,15,-24.26589988,99.34558793,0
0.00333,6,16,-24.26618554,99.34257112,0
0.00333,6,17,-24.26647119,99.33955431,0
0.00333,6,18,-24.26675685,99.3365375,0
0.00333,6,19,-24.26704251,99.33352069,0
0.00333,6,20,-24.26732816,99.33050388,0
0.00333,6,21,-24.26761382,99.32748707,-6.552141332
0.00333,6,22,-24.26789947,99.32447026,-6.551809394
0.00333,6,23,-24.26818513,99.32145346,-6.540642673
0.00333,6,24,-24.26847078,99.31843665,-6.539809281
0.00333,6,25,-24.26875644,99.31541984,-6.553243512
0.00333,6,26,-24.2690421,99.31240303,-6.559976914
0.00333,6,27,-24.26932775,99.30938622,-6.561693134
0.00333,6,28,-24.26961341,99.30636941,-6.565289496
0.00333,6,29,-24.26989906,99.3033526,-6.561760891
0.00333,6,30,-24.27018472,99.30033579,-6.561760891
0.00333,6,31,-24.27047038,99.29731898,-6.568187359
0.00333,6,32,-24.27075603,99.29430217,-6.570412031
0.00333,6,33,-24.27104169,99.29128536,-6.575139418
0.00333,6,34,-24.27132734,99.28826856,-6.573410927
0.00333,6,35,-24.271613,99.28525175,-6.572223515
0.00333,6,36,-24.27189865,99.28223494,-6.572223515
0.00333,6,37,-24.27218431,99.27921813,-6.572245325
0.00333,6,38,-24.27246997,99.27620132,-6.573880302
0.00333,6,39,-24.27275562,99.27318451,-6.573790964
0.00333,6,40,-24.27304128,99.2701677,-6.581678243
0.00333,6,41,-24.27332693,99.26715089,-6.579898578
0.00333,6,42,-24.27361259,99.26413408,-6.589757131
0.00333,6,43,-24.27389824,99.26111727,-6.590151277
0.00333,6,44,-24.2741839,99.25810046,-6.590151277
0.00333,6,45,-24.27446956,99.25508366,-6.591638265
0.00333,6,46,-24.27475521,99.25206685,-6.593921265
0.00333,6,47,-24.27504087,99.24905004,-6.596151253
0.00333,6,48,-24.27532652,99.24603323,-6.596400147
0.00333,6,49,-24.27561218,99.24301642,-6.598802886
0.00333,6,50,-24.27589784,99.23999961,-6.600669249
0.00333,6,51,-24.27618349,99.2369828,-6.592345577
0.00333,6,52,-24.27646915,99.23396599,-6.584476623
0.00333,6,53,-24.2767548,99.23094918,-6.579564497
0.00333,6,54,-24.27704046,99.22793237,-6.579564497
0.00333,6,55,-24.27732611,99.22491556,-6.588339885
0.00333,6,56,-24.27761177,99.22189876,-6.581423833
0.00333,6,57,-24.27789743,99.21888195,-6.580909649
0.00333,6,58,-24.27818308,99.21586514,-6.580909649
0.00333,6,59,-24.27846874,99.21284833,-6.585424067
0.00333,6,60,-24.27875439,99.20983152,-6.581748899
0.00333,6,61,-24.27904005,99.20681471,-6.578389186
0.00333,6,62,-24.27932571,99.2037979,-6.577187284
0.00333,6,63,-24.27961136,99.20078109,-6.57776542
0.00333,6,64,-24.27989702,99.19776428,-6.576510381
0.00333,6,65,-24.28018267,99.19474747,-6.574369889
0.00333,6,66,-24.28046833,99.19173066,-6.57719692
0.00333,6,67,-24.28075398,99.18871385,-6.578070351
0.00333,6,68,-24.28103964,99.18569705,-6.580721915
0.00333,6,69,-24.2813253,99.18268024,-6.587995764
0.00333,6,70,-24.28161095,99.17966343,-6.587995764
0.00333,6,71,-24.28189661,99.17664662,-6.563594994
0.00333,6,72,-24.28218226,99.17362981,-6.563594994
0.00333,6,73,-24.28246792,99.170613,-6.575485074
0.00333,6,74,-24.28275358,99.16759619,-6.563608981
0.00333,6,75,-24.28303923,99.16457938,-6.555299202
0.00333,6,76,-24.28332489,99.16156257,-6.555157089
0.00333,6,77,-24.28361054,99.15854576,-6.557167501
0.00333,6,78,-24.2838962,99.15552895,-6.579140997
0.00333,6,79,-24.28418185,99.15251215,-6.588372737
0.00333,6,80,-24.28446751,99.14949534,-6.598893896
0.00333,6,81,-24.28475317,99.14647853,-6.593124588
0.00333,6,82,-24.28503882,99.14346172,-6.592682392
0.00333,6,83,-24.28532448,99.14044491,-6.592478794
0.00333,6,84,-24.28561013,99.1374281,-6.576550202
0.00333,6,85,-24.28589579,99.13441129,-6.576204903
0.00333,6,86,-24.28618144,99.13139448,-6.569733678
0.00333,6,87,-24.2864671,99.12837767,-6.565552328
0.00333,6,88,-24.28675276,99.12536086,-6.566040815
0.00333,6,89,-24.28703841,99.12234405,-6.56991503
0.00333,6,90,-24.28732407,99.11932725,-6.570447377
0.00333,6,91,-24.28760972,99.11631044,-6.572778346
0.00333,6,92,-24.28789538,99.11329363,-6.577904783
0.00333,6,93,-24.28818104,99.11027682,-6.581337422
0.00333,6,94,-24.28846669,99.10726001,-6.58296123
0.00333,6,95,-24.28875235,99.1042432,-6.582540785
0.00333,6,96,-24.289038,99.10122639,-6.581765781
0.00333,6,97,-24.28932366,99.09820958,-6.58134962
0.00333,6,98,-24.28960931,99.09519277,-6.576548388
0.00333,6,99,-24.28989497,99.09217596,-6.57669757
0.00333,7,0,-24.27654825,99.39225406,-6.552963508
0.00333,7,1,-24.27683391,99.38923725,-6.553355988
0.00333,7,2,-24.27711956,99.38622044,-6.553453382
0.00333,7,3,-24.27740522,99.38320363,-6.554884163
0.00333,7,4,-24.27769087,99.38018683,-6.556334505
0.00333,7,5,-24.27797653,99.37717002,-6.558985993
0.00333,7,6,-24.27826219,99.37415321,-6.561919019
0.00333,7,7,-24.27854784,99.3711364,-6.564615003
0.00333,7,8,-24.2788335,99.36811959,-6.569123422
0.00333,7,9,-24.27911915,99.36510278,-6.570935427
0.00333,7,10,-24.27940481,99.36208597,-6.569622144
0.00333,7,11,-24.27969046,99.35906916,-6.569622144
0.00333,7,12,-24.27997612,99.35605235,-6.568340442
0.00333,7,13,-24.28026178,99.35303554,-6.567881894
0.00333,7,14,-24.28054743,99.35001873,-6.569656892
0.00333,7,15,-24.28083309,99.34700192,-6.57174913
0.00333,7,16,-24.28111874,99.34398512,-6.560165728
0.00333,7,17,-24.2814044,99.34096831,-6.55881024
0.00333,7,18,-24.28169005,99.3379515,-6.558446197
0.00333,7,19,-24.28197571,99.33493469,-6.55547446
0.00333,7,20,-24.28226137,99.33191788,-6.546929208
0.00333,7,21,-24.28254702,99.32890107,-6.544646522
0.00333,7,22,-24.28283268,99.32588426,-6.544646522
0.00333,7,23,-24.28311833,99.32286745,-6.552390006
0.00333,7,24,-24.28340399,99.31985064,-6.556608767
0.00333,7,25,-24.28368965,99.31683383,-6.559112787
0.00333,7,26,-24.2839753,99.31381702,-6.559971077
0.00333,7,27,-24.28426096,99.31080022,-6.562139284
0.00333,7,28,-24.28454661,99.30778341,-6.566567412
0.00333,7,29,-24.28483227,99.3047666,-6.567810147
0.00333,7,30,-24.28511792,99.30174979,-6.571681407
0.00333,7,31,-24.28540358,99.29873298,-6.579375043
0.00333,7,32,-24.28568924,99.29571617,-6.580905781
0.00333,7,33,-24.28597489,99.29269936,-6.579502585
0.00333,7,34,-24.28626055,99.28968255,-6.577323837
0.00333,7,35,-24.2865462,99.28666574,-6.577323837
0.00333,7,36,-24.28683186,99.28364893,-6.579674269
0.00333,7,37,-24.28711752,99.28063212,-6.580048331
0.00333,7,38,-24.28740317,99.27761532,-6.578230604
0.00333,7,39,-24.28768883,99.27459851,-6.576523537
0.00333,7,40,-24.28797448,99.2715817,-6.576523537
0.00333,7,41,-24.28826014,99.26856489,-6.577432878
0.00333,7,42,-24.28854579,99.26554808,-6.577432878
0.00333,7,43,-24.28883145,99.26253127,-6.578406931
0.00333,7,44,-24.28911711,99.25951446,-6.584612004
0.00333,7,45,-24.28940276,99.25649765,-6.595033951
0.00333,7,46,-24.28968842,99.25348084,-6.595367215
0.00333,7,47,-24.28997407,99.25046403,-6.595679929
0.00333,7,48,-24.29025973,99.24744722,-6.595192919
0.00333,7,49,-24.29054538,99.24443042,-6.595192919
0.00333,7,50,-24.29083104,99.24141361,-6.595100756
0.00333,7,51,-24.2911167,99.2383968,-6.587690018
0.00333,7,52,-24.29140235,99.23537999,-6.587690018
0.00333,7,53,-24.29168801,99.23236318,-6.588073236
0.00333,7,54,-24.29197366,99.22934637,-6.587752943
0.00333,7,55,-24.29225932,99.22632956,-6.587263314
0.00333,7,56,-24.29254498,99.22331275,-6.587196327
0.00333,7,57,-24.29283063,99.22029594,-6.587196327
0.00333,7,58,-24.29311629,99.21727913,-6.579781762
0.00333,7,59,-24.29340194,99.21426232,-6.579781762
0.00333,7,60,-24.2936876,99.21124551,-6.576303592
0.00333,7,61,-24.29397325,99.20822871,-6.576303592
0.00333,7,62,-24.29425891,99.2052119,-6.579573492
0.00333,7,63,-24.29454457,99.20219509,-6.579737415
0.00333,7,64,-24.29483022,99.19917828,-6.579933141
0.00333,7,65,-24.29511588,99.19616147,-6.580976049
0.00333,7,66,-24.29540153,99.19314466,-6.581938059
0.00333,7,67,-24.29568719,99.19012785,-6.591373191
0.00333,7,68,-24.29597285,99.18711104,-6.591236441
0.00333,7,69,-24.2962585,99.18409423,-6.591215937
0.00333,7,70,-24.29654416,99.18107742,-6.591215937
0.00333,7,71,-24.29682981,99.17806061,-6.591524212
0.00333,7,72,-24.29711547,99.17504381,-6.591778074
0.00333,7,73,-24.29740112,99.172027,-6.584696439
0.00333,7,74,-24.29768678,99.16901019,-6.549900509
0.00333,7,75,-24.29797244,99.16599338,-6.585306939
0.00333,7,76,-24.29825809,99.16297657,-6.585888137
0.00333,7,77,-24.29854375,99.15995976,-6.587209836
0.00333,7,78,-24.2988294,99.15694295,-6.597087902
0.00333,7,79,-24.29911506,99.15392614,-6.599537672
0.00333,7,80,-24.29940072,99.15090933,-6.599220002
0.00333,7,81,-24.29968637,99.14789252,-6.599799019
0.00333,7,82,-24.29997203,99.14487571,-6.584257651
0.00333,7,83,-24.30025768,99.14185891,-6.575102893
0.00333,7,84,-24.30054334,99.1388421,-6.57269278
0.00333,7,85,-24.30082899,99.13582529,-6.572248036
0.00333,7,86,-24.30111465,99.13280848,-6.569593957
0.00333,7,87,-24.30140031,99.12979167,-6.562921727
0.00333,7,88,-24.30168596,99.12677486,-6.56214917
0.00333,7,89,-24.30197162,99.12375805,-6.562912934
0.00333,7,90,-24.30225727,99.12074124,-6.566046038
0.00333,7,91,-24.30254293,99.11772443,-6.568850442
0.00333,7,92,-24.30282858,99.11470762,-6.568850442
0.00333,7,93,-24.30311424,99.11169081,-6.574031105
0.00333,7,94,-24.3033999,99.10867401,-6.57436704
0.00333,7,95,-24.30368555,99.1056572,-6.58120427
0.00333,7,96,-24.30397121,99.10264039,-6.582087
0.00333,7,97,-24.30425686,99.09962358,-6.582980118
0.00333,7,98,-24.30454252,99.09660677,-6.582980118
0.00333,7,99,-24.30482818,99.09358996,-6.583836128
0.00333,8,0,-24.29148146,99.39366806,-6.548996113
0.00333,8,1,-24.29176711,99.39065125,-6.550207219
0.00333,8,2,-24.29205277,99.38763444,-6.550454252
0.00333,8,3,-24.29233842,99.38461763,-6.551807369
0.00333,8,4,-24.29262408,99.38160082,-6.554249162
0.00333,8,5,-24.29290973,99.37858401,-6.5561547
0.00333,8,6,-24.29319539,99.3755672,-6.551773749
0.00333,8,7,-24.29348105,99.37255039,-6.551773749
0.00333,8,8,-24.2937667,99.36953359,-6.551955139
0.00333,8,9,-24.29405236,99.36651678,-6.553853493
0.00333,8,10,-24.29433801,99.36349997,-6.558441928
0.00333,8,11,-24.29462367,99.36048316,-6.566318396
0.00333,8,12,-24.29490933,99.35746635,-6.566158667
0.00333,8,13,-24.29519498,99.35444954,-6.566285084
0.00333,8,14,-24.29548064,99.35143273,-6.56460223
0.00333,8,15,-24.29576629,99.34841592,-6.563959361
0.00333,8,16,-24.29605195,99.34539911,-6.563959361
0.00333,8,17,-24.2963376,99.3423823,-6.561401985
0.00333,8,18,-24.29662326,99.33936549,-6.561803807
0.00333,8,19,-24.29690892,99.33634868,-6.560157933
0.00333,8,20,-24.29719457,99.33333188,-6.560296421
0.00333,8,21,-24.29748023,99.33031507,-6.560296421
0.00333,8,22,-24.29776588,99.32729826,-6.561088238
0.00333,8,23,-24.29805154,99.32428145,-6.562058009
0.00333,8,24,-24.29833719,99.32126464,-6.561449636
0.00333,8,25,-24.29862285,99.31824783,-6.559825018
0.00333,8,26,-24.29890851,99.31523102,-6.559825018
0.00333,8,27,-24.29919416,99.31221421,-6.559825018
0.00333,8,28,-24.29947982,99.3091974,-6.555447858
0.00333,8,29,-24.29976547,99.30618059,-6.550832514
0.00333,8,30,-24.30005113,99.30316378,-6.550832514
0.00333,8,31,-24.30033679,99.30014698,-6.551556071
0.00333,8,32,-24.30062244,99.29713017,-6.554067973
0.00333,8,33,-24.3009081,99.29411336,-6.574787969
0.00333,8,34,-24.30119375,99.29109655,-6.573939392
0.00333,8,35,-24.30147941,99.28807974,-6.573939392
0.00333,8,36,-24.30176506,99.28506293,-6.573351529
0.00333,8,37,-24.30205072,99.28204612,-6.570354076
0.00333,8,38,-24.30233638,99.27902931,-6.570231143
0.00333,8,39,-24.30262203,99.2760125,-6.570231143
0.00333,8,40,-24.30290769,99.27299569,-6.573597858
0.00333,8,41,-24.30319334,99.26997888,-6.575343586
0.00333,8,42,-24.303479,99.26696208,-6.575343586
0.00333,8,43,-24.30376466,99.26394527,-6.577467631
0.00333,8,44,-24.30405031,99.26092846,-6.589664321
0.00333,8,45,-24.30433597,99.25791165,-6.590519759
0.00333,8,46,-24.30462162,99.25489484,-6.591379177
0.00333,8,47,-24.30490728,99.25187803,-6.588887912
0.00333,8,48,-24.30519293,99.24886122,-6.593507479
0.00333,8,49,-24.30547859,99.24584441,-6.595922962
0.00333,8,50,-24.30576425,99.2428276,-6.600340095
0.00333,8,51,-24.3060499,99.23981079,-6.602791814
0.00333,8,52,-24.30633556,99.23679398,-6.608246505
0.00333,8,53,-24.30662121,99.23377718,-6.608098716
0.00333,8,54,-24.30690687,99.23076037,-6.609011024
0.00333,8,55,-24.30719252,99.22774356,-6.608683376
0.00333,8,56,-24.30747818,99.22472675,-6.60867381
0.00333,8,57,-24.30776384,99.22170994,-6.608172029
0.00333,8,58,-24.30804949,99.21869313,-6.609071559
0.00333,8,59,-24.30833515,99.21567632,-6.606808901
0.00333,8,60,-24.3086208,99.21265951,-6.602967087
0.00333,8,61,-24.30890646,99.2096427,-6.600617173
0.00333,8,62,-24.30919212,99.20662589,-6.598581857
0.00333,8,63,-24.30947777,99.20360908,-6.596475032
0.00333,8,64,-24.30976343,99.20059227,-6.5955366
0.00333,8,65,-24.31004908,99.19757547,-6.59566307
0.00333,8,66,-24.31033474,99.19455866,-6.595099825
0.00333,8,67,-24.31062039,99.19154185,-6.594412563
0.00333,8,68,-24.31090605,99.18852504,-6.594374456
0.00333,8,69,-24.31119171,99.18550823,-6.596102561
0.00333,8,70,-24.31147736,99.18249142,-6.596342646
0.00333,8,71,-24.31176302,99.17947461,-6.598999695
0.00333,8,72,-24.31204867,99.1764578,-6.60045768
0.00333,8,73,-24.31233433,99.17344099,-6.598977441
0.00333,8,74,-24.31261999,99.17042418,-6.598977441
0.00333,8,75,-24.31290564,99.16740737,-6.608839545
0.00333,8,76,-24.3131913,99.16439057,-6.603347116
0.00333,8,77,-24.31347695,99.16137376,-6.603347116
0.00333,8,78,-24.31376261,99.15835695,-6.606118163
0.00333,8,79,-24.31404826,99.15534014,-6.606038571
0.00333,8,80,-24.31433392,99.15232333,-6.604920138
0.00333,8,81,-24.31461958,99.14930652,-6.595583861
0.00333,8,82,-24.31490523,99.14628971,-6.591980336
0.00333,8,83,-24.31519089,99.1432729,-6.588634391
0.00333,8,84,-24.31547654,99.14025609,-6.568744278
0.00333,8,85,-24.3157622,99.13723928,-6.56097375
0.00333,8,86,-24.31604786,99.13422247,-6.56057293
0.00333,8,87,-24.31633351,99.13120567,-6.56274539
0.00333,8,88,-24.31661917,99.12818886,-6.566980539
0.00333,8,89,-24.31690482,99.12517205,-6.562777863
0.00333,8,90,-24.31719048,99.12215524,-6.562777863
0.00333,8,91,-24.31747613,99.11913843,-6.566284071
0.00333,8,92,-24.31776179,99.11612162,-6.567889634
0.00333,8,93,-24.31804745,99.11310481,-6.573012649
0.00333,8,94,-24.3183331,99.110088,-6.573508567
0.00333,8,95,-24.31861876,99.10707119,-6.581012863
0.00333,8,96,-24.31890441,99.10405438,-6.581012863
0.00333,8,97,-24.31919007,99.10103757,-6.579856194
0.00333,8,98,-24.31947572,99.09802077,-6.581482262
0.00333,8,99,-24.31976138,99.09500396,-6.582658136
0.00333,9,0,-24.30641466,99.39508205,-6.54508743
0.00333,9,1,-24.30670032,99.39206525,-6.54659978
0.00333,9,2,-24.30698597,99.38904844,-6.547492698
0.00333,9,3,-24.30727163,99.38603163,-6.548618811
0.00333,9,4,-24.30755728,99.38301482,-6.549222173
0.00333,9,5,-24.30784294,99.37999801,-6.550618263
0.00333,9,6,-24.3081286,99.3769812,-6.548710751
0.00333,9,7,-24.30841425,99.37396439,-6.548067117
0.00333,9,8,-24.30869991,99.37094758,-6.542432422
0.00333,9,9,-24.30898556,99.36793077,-6.54154723
0.00333,9,10,-24.30927122,99.36491396,-6.5404682
0.00333,9,11,-24.30955687,99.36189715,-6.54287105
0.00333,9,12,-24.30984253,99.35888034,-6.542704064
0.00333,9,13,-24.31012819,99.35586354,-6.543852928
0.00333,9,14,-24.31041384,99.35284673,-6.543981258
0.00333,9,15,-24.3106995,99.34982992,-6.543216765
0.00333,9,16,-24.31098515,99.34681311,-6.543216765
0.00333,9,17,-24.31127081,99.3437963,-6.542682806
0.00333,9,18,-24.31155646,99.34077949,-6.545581174
0.00333,9,19,-24.31184212,99.33776268,-6.548283608
0.00333,9,20,-24.31212778,99.33474587,-6.549527447
0.00333,9,21,-24.31241343,99.33172906,-6.551876834
0.00333,9,22,-24.31269909,99.32871225,-6.555830803
0.00333,9,23,-24.31298474,99.32569544,-6.557153714
0.00333,9,24,-24.3132704,99.32267864,-6.558108513
0.00333,9,25,-24.31355606,99.31966183,-6.556043805
0.00333,9,26,-24.31384171,99.31664502,-6.544467088
0.00333,9,27,-24.31412737,99.31362821,-6.544351066
0.00333,9,28,-24.31441302,99.3106114,-6.544351066
0.00333,9,29,-24.31469868,99.30759459,-6.551624216
0.00333,9,30,-24.31498433,99.30457778,-6.547335478
0.00333,9,31,-24.31526999,99.30156097,-6.547335478
0.00333,9,32,-24.31555565,99.29854416,-6.551344954
0.00333,9,33,-24.3158413,99.29552735,-6.551571436
0.00333,9,34,-24.31612696,99.29251054,-6.55495927
0.00333,9,35,-24.31641261,99.28949374,-6.558557241
0.00333,9,36,-24.31669827,99.28647693,-6.558557241
0.00333,9,37,-24.31698393,99.28346012,-6.566191545
0.00333,9,38,-24.31726958,99.28044331,-6.567221766
0.00333,9,39,-24.31755524,99.2774265,-6.57802448
0.00333,9,40,-24.31784089,99.27440969,-6.575895144
0.00333,9,41,-24.31812655,99.27139288,-6.572201336
0.00333,9,42,-24.3184122,99.26837607,-6.570653484
0.00333,9,43,-24.31869786,99.26535926,-6.566307885
0.00333,9,44,-24.31898352,99.26234245,-6.566307885
0.00333,9,45,-24.31926917,99.25932564,-6.572852273
0.00333,9,46,-24.31955483,99.25630884,-6.583761524
0.00333,9,47,-24.31984048,99.25329203,-6.576626189
0.00333,9,48,-24.32012614,99.25027522,-6.583519134
0.00333,9,49,-24.3204118,99.24725841,-6.581891084
0.00333,9,50,-24.32069745,99.2442416,-6.581891084
0.00333,9,51,-24.32098311,99.24122479,-6.595405822
0.00333,9,52,-24.32126876,99.23820798,-6.604965815
0.00333,9,53,-24.32155442,99.23519117,-6.607325569
0.00333,9,54,-24.32184007,99.23217436,-6.608163198
0.00333,9,55,-24.32212573,99.22915755,-6.609741217
0.00333,9,56,-24.32241139,99.22614074,-6.60881397
0.00333,9,57,-24.32269704,99.22312393,-6.60881397
0.00333,9,58,-24.3229827,99.22010713,-6.607744613
0.00333,9,59,-24.32326835,99.21709032,-6.601614017
0.00333,9,60,-24.32355401,99.21407351,-6.59773061
0.00333,9,61,-24.32383966,99.2110567,-6.597699089
0.00333,9,62,-24.32412532,99.20803989,-6.599288465
0.00333,9,63,-24.32441098,99.20502308,-6.598997517
0.00333,9,64,-24.32469663,99.20200627,-6.596778415
0.00333,9,65,-24.32498229,99.19898946,-6.596238833
0.00333,9,66,-24.32526794,99.19597265,-6.597279516
0.00333,9,67,-24.3255536,99.19295584,-6.605903404
0.00333,9,68,-24.32583926,99.18993903,-6.605335618
0.00333,9,69,-24.32612491,99.18692223,-6.605335618
0.00333,9,70,-24.32641057,99.18390542,-6.607164752
0.00333,9,71,-24.32669622,99.18088861,-6.608015922
0.00333,9,72,-24.32698188,99.1778718,-6.607646754
0.00333,9,73,-24.32726753,99.17485499,-6.642161063
0.00333,9,74,-24.32755319,99.17183818,-6.643943266
0.00333,9,75,-24.32783885,99.16882137,-6.644592704
0.00333,9,76,-24.3281245,99.16580456,-6.605705698
0.00333,9,77,-24.32841016,99.16278775,-6.603304566
0.00333,9,78,-24.32869581,99.15977094,-6.602844755
0.00333,9,79,-24.32898147,99.15675413,-6.602844755
0.00333,9,80,-24.32926713,99.15373733,-6.606566486
0.00333,9,81,-24.32955278,99.15072052,-6.597478878
0.00333,9,82,-24.32983844,99.14770371,-6.592858243
0.00333,9,83,-24.33012409,99.1446869,-6.590011362
0.00333,9,84,-24.33040975,99.14167009,-6.587703993
0.00333,9,85,-24.3306954,99.13865328,-6.586518104
0.00333,9,86,-24.33098106,99.13563647,-6.575018485
0.00333,9,87,-24.33126672,99.13261966,-6.575018485
0.00333,9,88,-24.33155237,99.12960285,-6.580882883
0.00333,9,89,-24.33183803,99.12658604,-6.58033348
0.00333,9,90,-24.33212368,99.12356923,-6.58129061
0.00333,9,91,-24.33240934,99.12055243,-6.59059919
0.00333,9,92,-24.33269499,99.11753562,-6.588489632
0.00333,9,93,-24.33298065,99.11451881,-6.586715675
0.00333,9,94,-24.33326631,99.111502,-6.589171596
0.00333,9,95,-24.33355196,99.10848519,-6.58999017
0.00333,9,96,-24.33383762,99.10546838,-6.58999017
0.00333,9,97,-24.33412327,99.10245157,-6.590728938
0.00333,9,98,-24.33440893,99.09943476,-6.591135148
0.00333,9,99,-24.33469459,99.09641795,-6.592236233
0.00333,10,0,-24.32134787,99.39649605,-6.540987061
0.00333,10,1,-24.32163352,99.39347924,-6.541061365
0.00333,10,2,-24.32191918,99.39046243,-6.541298699
0.00333,10,3,-24.32220483,99.38744562,-6.539622877
0.00333,10,4,-24.32249049,99.38442881,-6.537885791
0.00333,10,5,-24.32277614,99.381412,-6.537590595
0.00333,10,6,-24.3230618,99.3783952,-6.536285675
0.00333,10,7,-24.32334746,99.37537839,-6.535561156
0.00333,10,8,-24.32363311,99.37236158,-6.534566166
0.00333,10,9,-24.32391877,99.36934477,-6.534350028
0.00333,10,10,-24.32420442,99.36632796,-6.532832765
0.00333,10,11,-24.32449008,99.36331115,-6.532091058
0.00333,10,12,-24.32477574,99.36029434,-6.532372505
0.00333,10,13,-24.32506139,99.35727753,-6.532057499
0.00333,10,14,-24.32534705,99.35426072,-6.532666537
0.00333,10,15,-24.3256327,99.35124391,-6.532319574
0.00333,10,16,-24.32591836,99.3482271,-6.533048553
0.00333,10,17,-24.32620401,99.3452103,-6.532913117
0.00333,10,18,-24.32648967,99.34219349,-6.533899783
0.00333,10,19,-24.32677533,99.33917668,-6.537050655
0.00333,10,20,-24.32706098,99.33615987,-6.539543564
0.00333,10,21,-24.32734664,99.33314306,-6.540955877
0.00333,10,22,-24.32763229,99.33012625,-6.544101718
0.00333,10,23,-24.32791795,99.32710944,-6.546952748
0.00333,10,24,-24.3282036,99.32409263,-6.551028732
0.00333,10,25,-24.32848926,99.32107582,-6.554436101
0.00333,10,26,-24.32877492,99.31805901,-6.556209489
0.00333,10,27,-24.32906057,99.3150422,-6.558288891
0.00333,10,28,-24.32934623,99.3120254,-6.558247054
0.00333,10,29,-24.32963188,99.30900859,-6.559962474
0.00333,10,30,-24.32991754,99.30599178,-6.559325813
0.00333,10,31,-24.3302032,99.30297497,-6.554961652
0.00333,10,32,-24.33048885,99.29995816,-6.546393072
0.00333,10,33,-24.33077451,99.29694135,-6.546393072
0.00333,10,34,-24.33106016,99.29392454,-6.547893633
0.00333,10,35,-24.33134582,99.29090773,-6.549283961
0.00333,10,36,-24.33163147,99.28789092,-6.550367075
0.00333,10,37,-24.33191713,99.28487411,-6.549364907
0.00333,10,38,-24.33220279,99.2818573,-6.549976831
0.00333,10,39,-24.33248844,99.2788405,-6.561412069
0.00333,10,40,-24.3327741,99.27582369,-6.563040151
0.00333,10,41,-24.33305975,99.27280688,-6.564383841
0.00333,10,42,-24.33334541,99.26979007,-6.568568295
0.00333,10,43,-24.33363107,99.26677326,-6.568900873
0.00333,10,44,-24.33391672,99.26375645,-6.567487994
0.00333,10,45,-24.33420238,99.26073964,-6.567487994
0.00333,10,46,-24.33448803,99.25772283,-6.557964739
0.00333,10,47,-24.33477369,99.25470602,-6.557964739
0.00333,10,48,-24.33505934,99.25168921,-6.564592986
0.00333,10,49,-24.335345,99.2486724,-6.566514992
0.00333,10,50,-24.33563066,99.24565559,-6.56839529
0.00333,10,51,-24.33591631,99.24263879,-6.572329629
0.00333,10,52,-24.33620197,99.23962198,-6.579925076
0.00333,10,53,-24.33648762,99.23660517,-6.580721297
0.00333,10,54,-24.33677328,99.23358836,-6.580666472
0.00333,10,55,-24.33705894,99.23057155,-6.582602968
0.00333,10,56,-24.33734459,99.22755474,-6.583568636
0.00333,10,57,-24.33763025,99.22453793,-6.582952929
0.00333,10,58,-24.3379159,99.22152112,-6.581747215
0.00333,10,59,-24.33820156,99.21850431,-6.582500206
0.00333,10,60,-24.33848721,99.2154875,-6.587534417
0.00333,10,61,-24.33877287,99.21247069,-6.590795643
0.00333,10,62,-24.33905853,99.20945389,-6.589338738
0.00333,10,63,-24.33934418,99.20643708,-6.594699586
0.00333,10,64,-24.33962984,99.20342027,-6.594699586
0.00333,10,65,-24.33991549,99.20040346,-6.592039634
0.00333,10,66,-24.34020115,99.19738665,-6.592039634
0.00333,10,67,-24.3404868,99.19436984,-6.594234776
0.00333,10,68,-24.34077246,99.19135303,-6.594190727
0.00333,10,69,-24.34105812,99.18833622,-6.594190727
0.00333,10,70,-24.34134377,99.18531941,-6.598541155
0.00333,10,71,-24.34162943,99.1823026,-6.599427862
0.00333,10,72,-24.34191508,99.17928579,-6.600971055
0.00333,10,73,-24.34220074,99.17626899,-6.602820308
0.00333,10,74,-24.3424864,99.17325218,-6.602820308
0.00333,10,75,-24.34277205,99.17023537,-6.610567125
0.00333,10,76,-24.34305771,99.16721856,-6.640512999
0.00333,10,77,-24.34334336,99.16420175,-6.642724451
0.00333,10,78,-24.34362902,99.16118494,-6.645692107
0.00333,10,79,-24.34391467,99.15816813,-6.645692107
0.00333,10,80,-24.34420033,99.15515132,-6.653460267
0.00333,10,81,-24.34448599,99.15213451,-6.653504899
0.00333,10,82,-24.34477164,99.1491177,-6.601776579
0.00333,10,83,-24.3450573,99.14610089,-6.601448713
0.00333,10,84,-24.34534295,99.14308409,-6.60083681
0.00333,10,85,-24.34562861,99.14006728,-6.596560751
0.00333,10,86,-24.34591427,99.13705047,-6.595461131
0.00333,10,87,-24.34619992,99.13403366,-6.595461131
0.00333,10,88,-24.34648558,99.13101685,-6.594921178
0.00333,10,89,-24.34677123,99.12800004,-6.594697337
0.00333,10,90,-24.34705689,99.12498323,-6.59797335
0.00333,10,91,-24.34734254,99.12196642,-6.597984222
0.00333,10,92,-24.3476282,99.11894961,-6.597497611
0.00333,10,93,-24.34791386,99.1159328,-6.600147678
0.00333,10,94,-24.34819951,99.11291599,-6.601098728
0.00333,10,95,-24.34848517,99.10989918,-6.601098728
0.00333,10,96,-24.34877082,99.10688238,-6.60999311
0.00333,10,97,-24.34905648,99.10386557,-6.607822958
0.00333,10,98,-24.34934213,99.10084876,-6.607822958
0.00333,10,99,-24.34962779,99.09783195,-6.608063644
0.00333,11,0,-24.33628107,99.39791005,-6.540585913
0.00333,11,1,-24.33656673,99.39489324,-6.538875524
0.00333,11,2,-24.33685238,99.39187643,-6.538028696
0.00333,11,3,-24.33713804,99.38885962,-6.537729226
0.00333,11,4,-24.33742369,99.38584281,-6.537016513
0.00333,11,5,-24.33770935,99.382826,-6.535935377
0.00333,11,6,-24.33799501,99.37980919,-6.535460664
0.00333,11,7,-24.33828066,99.37679238,-6.533534951
0.00333,11,8,-24.33856632,99.37377557,-6.532945076
0.00333,11,9,-24.33885197,99.37075876,-6.532328637
0.00333,11,10,-24.33913763,99.36774196,-6.531672319
0.00333,11,11,-24.33942328,99.36472515,-6.531849917
0.00333,11,12,-24.33970894,99.36170834,-6.531597605
0.00333,11,13,-24.3399946,99.35869153,-6.530825294
0.00333,11,14,-24.34028025,99.35567472,-6.530732814
0.00333,11,15,-24.34056591,99.35265791,-6.530089201
0.00333,11,16,-24.34085156,99.3496411,-6.52956447
0.00333,11,17,-24.34113722,99.34662429,-6.52956447
0.00333,11,18,-24.34142288,99.34360748,-6.531088076
0.00333,11,19,-24.34170853,99.34059067,-6.531515267
0.00333,11,20,-24.34199419,99.33757386,-6.533413406
0.00333,11,21,-24.34227984,99.33455706,-6.536364746
0.00333,11,22,-24.3425655,99.33154025,-6.539787746
0.00333,11,23,-24.34285115,99.32852344,-6.543398785
0.00333,11,24,-24.34313681,99.32550663,-6.54718714
0.00333,11,25,-24.34342247,99.32248982,-6.550765446
0.00333,11,26,-24.34370812,99.31947301,-6.554937033
0.00333,11,27,-24.34399378,99.3164562,-6.559394003
0.00333,11,28,-24.34427943,99.31343939,-6.563148866
0.00333,11,29,-24.34456509,99.31042258,-6.567859459
0.00333,11,30,-24.34485074,99.30740577,-6.57043743
0.00333,11,31,-24.3451364,99.30438896,-6.570783962
0.00333,11,32,-24.34542206,99.30137216,-6.571436434
0.00333,11,33,-24.34570771,99.29835535,-6.572079265
0.00333,11,34,-24.34599337,99.29533854,-6.570785851
0.00333,11,35,-24.34627902,99.29232173,-6.567118505
0.00333,11,36,-24.34656468,99.28930492,-6.557174209
0.00333,11,37,-24.34685034,99.28628811,-6.549360239
0.00333,11,38,-24.34713599,99.2832713,-6.548028237
0.00333,11,39,-24.34742165,99.28025449,-6.547309424
0.00333,11,40,-24.3477073,99.27723768,-6.547698344
0.00333,11,41,-24.34799296,99.27422087,-6.549195484
0.00333,11,42,-24.34827861,99.27120406,-6.553697785
0.00333,11,43,-24.34856427,99.26818725,-6.554155418
0.00333,11,44,-24.34884993,99.26517045,-6.566353608
0.00333,11,45,-24.34913558,99.26215364,-6.563557438
0.00333,11,46,-24.34942124,99.25913683,-6.563062368
0.00333,11,47,-24.34970689,99.25612002,-6.561872796
0.00333,11,48,-24.34999255,99.25310321,-6.56940123
0.00333,11,49,-24.35027821,99.2500864,-6.56940123
0.00333,11,50,-24.35056386,99.24706959,-6.570478345
0.00333,11,51,-24.35084952,99.24405278,-6.572208167
0.00333,11,52,-24.35113517,99.24103597,-6.572268248
0.00333,11,53,-24.35142083,99.23801916,-6.572140271
0.00333,11,54,-24.35170648,99.23500235,-6.570266816
0.00333,11,55,-24.35199214,99.23198555,-6.570115453
0.00333,11,56,-24.3522778,99.22896874,-6.567836168
0.00333,11,57,-24.35256345,99.22595193,-6.568894735
0.00333,11,58,-24.35284911,99.22293512,-6.569213668
0.00333,11,59,-24.35313476,99.21991831,-6.568880581
0.00333,11,60,-24.35342042,99.2169015,-6.568234473
0.00333,11,61,-24.35370608,99.21388469,-6.569097015
0.00333,11,62,-24.35399173,99.21086788,-6.571496045
0.00333,11,63,-24.35427739,99.20785107,-6.571046109
0.00333,11,64,-24.35456304,99.20483426,-6.57180977
0.00333,11,65,-24.3548487,99.20181745,-6.575046177
0.00333,11,66,-24.35513435,99.19880065,-6.576299236
0.00333,11,67,-24.35542001,99.19578384,-6.578796685
0.00333,11,68,-24.35570567,99.19276703,-6.581686116
0.00333,11,69,-24.35599132,99.18975022,-6.582488902
0.00333,11,70,-24.35627698,99.18673341,-6.583633802
0.00333,11,71,-24.35656263,99.1837166,-6.585843076
0.00333,11,72,-24.35684829,99.18069979,-6.589046979
0.00333,11,73,-24.35713394,99.17768298,-6.592852821
0.00333,11,74,-24.3574196,99.17466617,-6.596537315
0.00333,11,75,-24.35770526,99.17164936,-6.601157413
0.00333,11,76,-24.35799091,99.16863255,-6.602676696
0.00333,11,77,-24.35827657,99.16561575,-6.611210495
0.00333,11,78,-24.35856222,99.16259894,-6.611452095
0.00333,11,79,-24.35884788,99.15958213,-6.636240875
0.00333,11,80,-24.35913354,99.15656532,-6.642746336
0.00333,11,81,-24.35941919,99.15354851,-6.647600451
0.00333,11,82,-24.35970485,99.1505317,-6.647797325
0.00333,11,83,-24.3599905,99.14751489,-6.64703813
0.00333,11,84,-24.36027616,99.14449808,-6.64136089
0.00333,11,85,-24.36056181,99.14148127,-6.640713905
0.00333,11,86,-24.36084747,99.13846446,-6.640713905
0.00333,11,87,-24.36113313,99.13544765,-6.641251406
0.00333,11,88,-24.36141878,99.13243084,-6.64112704
0.00333,11,89,-24.36170444,99.12941404,-6.64112704
0.00333,11,90,-24.36199009,99.12639723,-6.641973013
0.00333,11,91,-24.36227575,99.12338042,-6.639964093
0.00333,11,92,-24.36256141,99.12036361,-6.617606283
0.00333,11,93,-24.36284706,99.1173468,-6.615695833
0.00333,11,94,-24.36313272,99.11432999,-6.613480515
0.00333,11,95,-24.36341837,99.11131318,-6.61250836
0.00333,11,96,-24.36370403,99.10829637,-6.613219839
0.00333,11,97,-24.36398968,99.10527956,-6.608962226
0.00333,11,98,-24.36427534,99.10226275,-6.608962226
0.00333,11,99,-24.364561,99.09924594,-6.611439047
0.00333,12,0,-24.35121428,99.39932404,-6.542773872
0.00333,12,1,-24.35149993,99.39630723,-6.540567594
0.00333,12,2,-24.35178559,99.39329042,-6.538998141
0.00333,12,3,-24.35207124,99.39027362,-6.538465865
0.00333,12,4,-24.3523569,99.38725681,-6.538018302
0.00333,12,5,-24.35264255,99.38424,-6.536914127
0.00333,12,6,-24.35292821,99.38122319,-6.536396614
0.00333,12,7,-24.35321387,99.37820638,-6.536396614
0.00333,12,8,-24.35349952,99.37518957,-6.536718448
0.00333,12,9,-24.35378518,99.37217276,-6.536718448
0.00333,12,10,-24.35407083,99.36915595,-6.536659737
0.00333,12,11,-24.35435649,99.36613914,-6.534891437
0.00333,12,12,-24.35464215,99.36312233,-6.534387489
0.00333,12,13,-24.3549278,99.36010552,-6.534170138
0.00333,12,14,-24.35521346,99.35708872,-6.53373766
0.00333,12,15,-24.35549911,99.35407191,-6.533606955
0.00333,12,16,-24.35578477,99.3510551,-6.533760697
0.00333,12,17,-24.35607042,99.34803829,-6.534163082
0.00333,12,18,-24.35635608,99.34502148,-6.534850134
0.00333,12,19,-24.35664174,99.34200467,-6.536461614
0.00333,12,20,-24.35692739,99.33898786,-6.537486926
0.00333,12,21,-24.35721305,99.33597105,-6.539640425
0.00333,12,22,-24.3574987,99.33295424,-6.542809225
0.00333,12,23,-24.35778436,99.32993743,-6.544701472
0.00333,12,24,-24.35807002,99.32692062,-6.546061189
0.00333,12,25,-24.35835567,99.32390382,-6.549347995
0.00333,12,26,-24.35864133,99.32088701,-6.552730434
0.00333,12,27,-24.35892698,99.3178702,-6.555785611
0.00333,12,28,-24.35921264,99.31485339,-6.560320258
0.00333,12,29,-24.35949829,99.31183658,-6.563312752
0.00333,12,30,-24.35978395,99.30881977,-6.566976054
0.00333,12,31,-24.36006961,99.30580296,-6.56821608
0.00333,12,32,-24.36035526,99.30278615,-6.568546211
0.00333,12,33,-24.36064092,99.29976934,-6.570440449
0.00333,12,34,-24.36092657,99.29675253,-6.559589858
0.00333,12,35,-24.36121223,99.29373572,-6.556501788
0.00333,12,36,-24.36149788,99.29071891,-6.553892619
0.00333,12,37,-24.36178354,99.28770211,-6.551962749
0.00333,12,38,-24.3620692,99.2846853,-6.551533173
0.00333,12,39,-24.36235485,99.28166849,-6.551836719
0.00333,12,40,-24.36264051,99.27865168,-6.549459565
0.00333,12,41,-24.36292616,99.27563487,-6.541101961
0.00333,12,42,-24.36321182,99.27261806,-6.541101961
0.00333,12,43,-24.36349748,99.26960125,-6.544457818
0.00333,12,44,-24.36378313,99.26658444,-6.551043849
0.00333,12,45,-24.36406879,99.26356763,-6.563606814
0.00333,12,46,-24.36435444,99.26055082,-6.562053158
0.00333,12,47,-24.3646401,99.25753401,-6.562053158
0.00333,12,48,-24.36492575,99.25451721,-6.562222049
0.00333,12,49,-24.36521141,99.2515004,-6.563724231
0.00333,12,50,-24.36549707,99.24848359,-6.5630742
0.00333,12,51,-24.36578272,99.24546678,-6.564644735
0.00333,12,52,-24.36606838,99.24244997,-6.565214258
0.00333,12,53,-24.36635403,99.23943316,-6.56451908
0.00333,12,54,-24.36663969,99.23641635,-6.563992888
0.00333,12,55,-24.36692535,99.23339954,-6.562776302
0.00333,12,56,-24.367211,99.23038273,-6.561688681
0.00333,12,57,-24.36749666,99.22736592,-6.559845001
0.00333,12,58,-24.36778231,99.22434911,-6.558840624
0.00333,12,59,-24.36806797,99.22133231,-6.558646757
0.00333,12,60,-24.36835362,99.2183155,-6.558646757
0.00333,12,61,-24.36863928,99.21529869,-6.559097053
0.00333,12,62,-24.36892494,99.21228188,-6.559153092
0.00333,12,63,-24.36921059,99.20926507,-6.558999757
0.00333,12,64,-24.36949625,99.20624826,-6.559094698
0.00333,12,65,-24.3697819,99.20323145,-6.558988588
0.00333,12,66,-24.37006756,99.20021464,-6.560418892
0.00333,12,67,-24.37035322,99.19719783,-6.562188938
0.00333,12,68,-24.37063887,99.19418102,-6.563343116
0.00333,12,69,-24.37092453,99.19116421,-6.566099243
0.00333,12,70,-24.37121018,99.18814741,-6.566486092
0.00333,12,71,-24.37149584,99.1851306,-6.570710548
0.00333,12,72,-24.37178149,99.18211379,-6.567509438
0.00333,12,73,-24.37206715,99.17909698,-6.567509438
0.00333,12,74,-24.37235281,99.17608017,-6.575674624
0.00333,12,75,-24.37263846,99.17306336,-6.575674624
0.00333,12,76,-24.37292412,99.17004655,-6.578482609
0.00333,12,77,-24.37320977,99.16702974,-6.581564116
0.00333,12,78,-24.37349543,99.16401293,-6.631235634
0.00333,12,79,-24.37378108,99.16099612,-6.630345683
0.00333,12,80,-24.37406674,99.15797931,-6.630093756
0.00333,12,81,-24.3743524,99.1549625,-6.630093756
0.00333,12,82,-24.37463805,99.1519457,-6.632503205
0.00333,12,83,-24.37492371,99.14892889,-6.633566053
0.00333,12,84,-24.37520936,99.14591208,-6.635818565
0.00333,12,85,-24.37549502,99.14289527,-6.643148908
0.00333,12,86,-24.37578068,99.13987846,-6.643020606
0.00333,12,87,-24.37606633,99.13686165,-6.645562391
0.00333,12,88,-24.37635199,99.13384484,-6.644624552
0.00333,12,89,-24.37663764,99.13082803,-6.639001611
0.00333,12,90,-24.3769233,99.12781122,-6.638438263
0.00333,12,91,-24.37720895,99.12479441,-6.639018209
0.00333,12,92,-24.37749461,99.1217776,-6.645909949
0.00333,12,93,-24.37778027,99.1187608,-6.638403322
0.00333,12,94,-24.37806592,99.11574399,-6.636679258
0.00333,12,95,-24.37835158,99.11272718,-6.635067627
0.00333,12,96,-24.37863723,99.10971037,-6.63419099
0.00333,12,97,-24.37892289,99.10669356,-6.63419099
0.00333,12,98,-24.37920855,99.10367675,-6.634958298
0.00333,12,99,-24.3794942,99.10065994,-6.634475613
0.00333,13,0,-24.36614748,99.40073804,-6.536703844
0.00333,13,1,-24.36643314,99.39772123,-6.536409198
0.00333,13,2,-24.36671879,99.39470442,-6.536409198
0.00333,13,3,-24.36700445,99.39168761,-6.538871278
0.00333,13,4,-24.3672901,99.3886708,-6.539019629
0.00333,13,5,-24.36757576,99.38565399,-6.540691037
0.00333,13,6,-24.36786142,99.38263718,-6.541136027
0.00333,13,7,-24.36814707,99.37962038,-6.541574994
0.00333,13,8,-24.36843273,99.37660357,-6.539865601
0.00333,13,9,-24.36871838,99.37358676,-6.541580594
0.00333,13,10,-24.36900404,99.37056995,-6.540830845
0.00333,13,11,-24.36928969,99.36755314,-6.541430531
0.00333,13,12,-24.36957535,99.36453633,-6.541637572
0.00333,13,13,-24.36986101,99.36151952,-6.542966128
0.00333,13,14,-24.37014666,99.35850271,-6.542318926
0.00333,13,15,-24.37043232,99.3554859,-6.542318926
0.00333,13,16,-24.37071797,99.35246909,-6.543568095
0.00333,13,17,-24.37100363,99.34945228,-6.543325329
0.00333,13,18,-24.37128929,99.34643548,-6.54384684
0.00333,13,19,-24.37157494,99.34341867,-6.544370113
0.00333,13,20,-24.3718606,99.34040186,-6.545683646
0.00333,13,21,-24.37214625,99.33738505,-6.547597017
0.00333,13,22,-24.37243191,99.33436824,-6.548091758
0.00333,13,23,-24.37271756,99.33135143,-6.549564609
0.00333,13,24,-24.37300322,99.32833462,-6.551422669
0.00333,13,25,-24.37328888,99.32531781,-6.552254245
0.00333,13,26,-24.37357453,99.322301,-6.55298552
0.00333,13,27,-24.37386019,99.31928419,-6.555318264
0.00333,13,28,-24.37414584,99.31626738,-6.555543363
0.00333,13,29,-24.3744315,99.31325058,-6.557728774
0.00333,13,30,-24.37471716,99.31023377,-6.557955804
0.00333,13,31,-24.37500281,99.30721696,-6.557955804
0.00333,13,32,-24.37528847,99.30420015,-6.558964128
0.00333,13,33,-24.37557412,99.30118334,-6.55964664
0.00333,13,34,-24.37585978,99.29816653,-6.56094566
0.00333,13,35,-24.37614543,99.29514972,-6.559438694
0.00333,13,36,-24.37643109,99.29213291,-6.558725728
0.00333,13,37,-24.37671675,99.2891161,-6.557353946
0.00333,13,38,-24.3770024,99.28609929,-6.55636681
0.00333,13,39,-24.37728806,99.28308248,-6.55636681
0.00333,13,40,-24.37757371,99.28006567,-6.554086903
0.00333,13,41,-24.37785937,99.27704887,-6.553195796
0.00333,13,42,-24.37814502,99.27403206,-6.550580794
0.00333,13,43,-24.37843068,99.27101525,-6.549790519
0.00333,13,44,-24.37871634,99.26799844,-6.549649278
0.00333,13,45,-24.37900199,99.26498163,-6.548281971
0.00333,13,46,-24.37928765,99.26196482,-6.548548862
0.00333,13,47,-24.3795733,99.25894801,-6.548415558
0.00333,13,48,-24.37985896,99.2559312,-6.548469416
0.00333,13,49,-24.38014462,99.25291439,-6.5486746
0.00333,13,50,-24.38043027,99.24989758,-6.548695631
0.00333,13,51,-24.38071593,99.24688077,-6.549653576
0.00333,13,52,-24.38100158,99.24386397,-6.551347041
0.00333,13,53,-24.38128724,99.24084716,-6.551702996
0.00333,13,54,-24.38157289,99.23783035,-6.551702996
0.00333,13,55,-24.38185855,99.23481354,-6.552123769
0.00333,13,56,-24.38214421,99.23179673,-6.553236382
0.00333,13,57,-24.38242986,99.22877992,-6.553480994
0.00333,13,58,-24.38271552,99.22576311,-6.55520029
0.00333,13,59,-24.38300117,99.2227463,-6.553782468
0.00333,13,60,-24.38328683,99.21972949,-6.552887051
0.00333,13,61,-24.38357249,99.21671268,-6.553149937
0.00333,13,62,-24.38385814,99.21369587,-6.552783396
0.00333,13,63,-24.3841438,99.21067907,-6.553588709
0.00333,13,64,-24.38442945,99.20766226,-6.553155659
0.00333,13,65,-24.38471511,99.20464545,-6.554132384
0.00333,13,66,-24.38500076,99.20162864,-6.555196733
0.00333,13,67,-24.38528642,99.19861183,-6.556447346
0.00333,13,68,-24.38557208,99.19559502,-6.557805338
0.00333,13,69,-24.38585773,99.19257821,-6.560783696
0.00333,13,70,-24.38614339,99.1895614,-6.562355368
0.00333,13,71,-24.38642904,99.18654459,-6.563505714
0.00333,13,72,-24.3867147,99.18352778,-6.564879595
0.00333,13,73,-24.38700035,99.18051097,-6.566399693
0.00333,13,74,-24.38728601,99.17749416,-6.567252866
0.00333,13,75,-24.38757167,99.17447736,-6.570056519
0.00333,13,76,-24.38785732,99.17146055,-6.568201762
0.00333,13,77,-24.38814298,99.16844374,-6.568201762
0.00333,13,78,-24.38842863,99.16542693,-6.575055237
0.00333,13,79,-24.38871429,99.16241012,-6.576581305
0.00333,13,80,-24.38899995,99.15939331,-6.58851534
0.00333,13,81,-24.3892856,99.1563765,-6.592270911
0.00333,13,82,-24.38957126,99.15335969,-6.640475557
0.00333,13,83,-24.38985691,99.15034288,-6.641751915
0.00333,13,84,-24.39014257,99.14732607,-6.644374741
0.00333,13,85,-24.39042822,99.14430926,-6.644344678
0.00333,13,86,-24.39071388,99.14129246,-6.644344678
0.00333,13,87,-24.39099954,99.13827565,-6.646939983
0.00333,13,88,-24.39128519,99.13525884,-6.648805634
0.00333,13,89,-24.39157085,99.13224203,-6.647383686
0.00333,13,90,-24.3918565,99.12922522,-6.647383686
0.00333,13,91,-24.39214216,99.12620841,-6.647577869
0.00333,13,92,-24.39242782,99.1231916,-6.647593006
0.00333,13,93,-24.39271347,99.12017479,-6.64763707
0.00333,13,94,-24.39299913,99.11715798,-6.64500195
0.00333,13,95,-24.39328478,99.11414117,-6.641806919
0.00333,13,96,-24.39357044,99.11112436,-6.641714773
0.00333,13,97,-24.39385609,99.10810756,-6.634538271
0.00333,13,98,-24.39414175,99.10509075,-6.634538271
0.00333,13,99,-24.39442741,99.10207394,-6.634538271
0.00333,14,0,-24.38108069,99.40215204,-6.544014589
0.00333,14,1,-24.38136634,99.39913523,-6.539831642
0.00333,14,2,-24.381652,99.39611842,-6.538780539
0.00333,14,3,-24.38193765,99.39310161,-6.539572277
0.00333,14,4,-24.38222331,99.3900848,-6.54032542
0.00333,14,5,-24.38250896,99.38706799,-6.541582748
0.00333,14,6,-24.38279462,99.38405118,-6.543081683
0.00333,14,7,-24.38308028,99.38103437,-6.543395425
0.00333,14,8,-24.38336593,99.37801756,-6.543395425
0.00333,14,9,-24.38365159,99.37500075,-6.550299797
0.00333,14,10,-24.38393724,99.37198394,-6.550172648
0.00333,14,11,-24.3842229,99.36896714,-6.549792109
0.00333,14,12,-24.38450856,99.36595033,-6.549792109
0.00333,14,13,-24.38479421,99.36293352,-6.549511481
0.00333,14,14,-24.38507987,99.35991671,-6.548506961
0.00333,14,15,-24.38536552,99.3568999,-6.548946058
0.00333,14,16,-24.38565118,99.35388309,-6.549222343
0.00333,14,17,-24.38593683,99.35086628,-6.549196532
0.00333,14,18,-24.38622249,99.34784947,-6.549681185
0.00333,14,19,-24.38650815,99.34483266,-6.54778745
0.00333,14,20,-24.3867938,99.34181585,-6.547656484
0.00333,14,21,-24.38707946,99.33879904,-6.547994505
0.00333,14,22,-24.38736511,99.33578224,-6.547994505
0.00333,14,23,-24.38765077,99.33276543,-6.548172209
0.00333,14,24,-24.38793643,99.32974862,-6.548228291
0.00333,14,25,-24.38822208,99.32673181,-6.549228192
0.00333,14,26,-24.38850774,99.323715,-6.549490613
0.00333,14,27,-24.38879339,99.32069819,-6.54941087
0.00333,14,28,-24.38907905,99.31768138,-6.549992075
0.00333,14,29,-24.3893647,99.31466457,-6.551680708
0.00333,14,30,-24.38965036,99.31164776,-6.551680708
0.00333,14,31,-24.38993602,99.30863095,-6.552044265
0.00333,14,32,-24.39022167,99.30561414,-6.552304393
0.00333,14,33,-24.39050733,99.30259733,-6.55277424
0.00333,14,34,-24.39079298,99.29958053,-6.551890358
0.00333,14,35,-24.39107864,99.29656372,-6.552414298
0.00333,14,36,-24.3913643,99.29354691,-6.550947825
0.00333,14,37,-24.39164995,99.2905301,-6.549545063
0.00333,14,38,-24.39193561,99.28751329,-6.548514275
0.00333,14,39,-24.39222126,99.28449648,-6.547722052
0.00333,14,40,-24.39250692,99.28147967,-6.546255177
0.00333,14,41,-24.39279257,99.27846286,-6.545425504
0.00333,14,42,-24.39307823,99.27544605,-6.545135154
0.00333,14,43,-24.39336389,99.27242924,-6.544242329
0.00333,14,44,-24.39364954,99.26941243,-6.543512332
0.00333,14,45,-24.3939352,99.26639563,-6.542221216
0.00333,14,46,-24.39422085,99.26337882,-6.541468612
0.00333,14,47,-24.39450651,99.26036201,-6.541869495
0.00333,14,48,-24.39479216,99.2573452,-6.541651468
0.00333,14,49,-24.39507782,99.25432839,-6.542422081
0.00333,14,50,-24.39536348,99.25131158,-6.54162086
0.00333,14,51,-24.39564913,99.24829477,-6.541446206
0.00333,14,52,-24.39593479,99.24527796,-6.541790011
0.00333,14,53,-24.39622044,99.24226115,-6.543283373
0.00333,14,54,-24.3965061,99.23924434,-6.544325658
0.00333,14,55,-24.39679176,99.23622753,-6.545057655
0.00333,14,56,-24.39707741,99.23321073,-6.54569583
0.00333,14,57,-24.39736307,99.23019392,-6.545958015
0.00333,14,58,-24.39764872,99.22717711,-6.54642558
0.00333,14,59,-24.39793438,99.2241603,-6.546479979
0.00333,14,60,-24.39822003,99.22114349,-6.546117489
0.00333,14,61,-24.39850569,99.21812668,-6.545870378
0.00333,14,62,-24.39879135,99.21510987,-6.547117027
0.00333,14,63,-24.399077,99.21209306,-6.548304828
0.00333,14,64,-24.39936266,99.20907625,-6.549349835
0.00333,14,65,-24.39964831,99.20605944,-6.550749911
0.00333,14,66,-24.39993397,99.20304263,-6.551656163
0.00333,14,67,-24.40021963,99.20002583,-6.553100504
0.00333,14,68,-24.40050528,99.19700902,-6.55471279
0.00333,14,69,-24.40079094,99.19399221,-6.556463628
0.00333,14,70,-24.40107659,99.1909754,-6.558191338
0.00333,14,71,-24.40136225,99.18795859,-6.560543409
0.00333,14,72,-24.4016479,99.18494178,-6.561360751
0.00333,14,73,-24.40193356,99.18192497,-6.563208711
0.00333,14,74,-24.40221922,99.17890816,-6.565376057
0.00333,14,75,-24.40250487,99.17589135,-6.567215311
0.00333,14,76,-24.40279053,99.17287454,-6.568588804
0.00333,14,77,-24.40307618,99.16985773,-6.571030264
0.00333,14,78,-24.40336184,99.16684092,-6.573296891
0.00333,14,79,-24.40364749,99.16382412,-6.574492922
0.00333,14,80,-24.40393315,99.16080731,-6.577138946
0.00333,14,81,-24.40421881,99.1577905,-6.582592083
0.00333,14,82,-24.40450446,99.15477369,-6.58531118
0.00333,14,83,-24.40479012,99.15175688,-6.587754287
0.00333,14,84,-24.40507577,99.14874007,-6.598186773
0.00333,14,85,-24.40536143,99.14572326,-6.606556663
0.00333,14,86,-24.40564709,99.14270645,-6.648441956
0.00333,14,87,-24.40593274,99.13968964,-6.646150081
0.00333,14,88,-24.4062184,99.13667283,-6.646150081
0.00333,14,89,-24.40650405,99.13365602,-6.646085391
0.00333,14,90,-24.40678971,99.13063922,-6.646085391
0.00333,14,91,-24.40707536,99.12762241,-6.650704611
0.00333,14,92,-24.40736102,99.1246056,-6.650596401
0.00333,14,93,-24.40764668,99.12158879,-6.650798358
0.00333,14,94,-24.40793233,99.11857198,-6.653556518
0.00333,14,95,-24.40821799,99.11555517,-6.652179488
0.00333,14,96,-24.40850364,99.11253836,-6.652179488
0.00333,14,97,-24.4087893,99.10952155,-6.658790376
0.00333,14,98,-24.40907496,99.10650474,-6.650683372
0.00333,14,99,-24.40936061,99.10348793,-6.640621942
0.00333,15,0,-24.39601389,99.40356603,-6.550553653
0.00333,15,1,-24.39629955,99.40054922,-6.550553653
0.00333,15,2,-24.3965852,99.39753241,-6.549734881
0.00333,15,3,-24.39687086,99.3945156,-6.548089744
0.00333,15,4,-24.39715651,99.3914988,-6.547969795
0.00333,15,5,-24.39744217,99.38848199,-6.548193217
0.00333,15,6,-24.39772783,99.38546518,-6.549369342
0.00333,15,7,-24.39801348,99.38244837,-6.551423225
0.00333,15,8,-24.39829914,99.37943156,-6.553589518
0.00333,15,9,-24.39858479,99.37641475,-6.553589518
0.00333,15,10,-24.39887045,99.37339794,-6.556225276
0.00333,15,11,-24.3991561,99.37038113,-6.555247481
0.00333,15,12,-24.39944176,99.36736432,-6.554220622
0.00333,15,13,-24.39972742,99.36434751,-6.554220622
0.00333,15,14,-24.40001307,99.3613307,-6.553925627
0.00333,15,15,-24.40029873,99.3583139,-6.552853451
0.00333,15,16,-24.40058438,99.35529709,-6.55282644
0.00333,15,17,-24.40087004,99.35228028,-6.551882638
0.00333,15,18,-24.4011557,99.34926347,-6.551150892
0.00333,15,19,-24.40144135,99.34624666,-6.548344978
0.00333,15,20,-24.40172701,99.34322985,-6.548344978
0.00333,15,21,-24.40201266,99.34021304,-6.548538351
0.00333,15,22,-24.40229832,99.33719623,-6.548698621
0.00333,15,23,-24.40258397,99.33417942,-6.548427092
0.00333,15,24,-24.40286963,99.33116261,-6.548035853
0.00333,15,25,-24.40315529,99.3281458,-6.548249961
0.00333,15,26,-24.40344094,99.32512899,-6.548390083
0.00333,15,27,-24.4037266,99.32211219,-6.548771119
0.00333,15,28,-24.40401225,99.31909538,-6.549032364
0.00333,15,29,-24.40429791,99.31607857,-6.549032364
0.00333,15,30,-24.40458357,99.31306176,-6.549895724
0.00333,15,31,-24.40486922,99.31004495,-6.550559305
0.00333,15,32,-24.40515488,99.30702814,-6.550660373
0.00333,15,33,-24.40544053,99.30401133,-6.550241057
0.00333,15,34,-24.40572619,99.30099452,-6.550474888
0.00333,15,35,-24.40601184,99.29797771,-6.549922921
0.00333,15,36,-24.4062975,99.2949609,-6.54853621
0.00333,15,37,-24.40658316,99.29194409,-6.547228681
0.00333,15,38,-24.40686881,99.28892729,-6.547102812
0.00333,15,39,-24.40715447,99.28591048,-6.546432673
0.00333,15,40,-24.40744012,99.28289367,-6.545142336
0.00333,15,41,-24.40772578,99.27987686,-6.544764692
0.00333,15,42,-24.40801144,99.27686005,-6.544466826
0.00333,15,43,-24.40829709,99.27384324,-6.542217474
0.00333,15,44,-24.40858275,99.27082643,-6.542217474
0.00333,15,45,-24.4088684,99.26780962,-6.541991509
0.00333,15,46,-24.40915406,99.26479281,-6.541634181
0.00333,15,47,-24.40943971,99.261776,-6.541222453
0.00333,15,48,-24.40972537,99.25875919,-6.541133671
0.00333,15,49,-24.41001103,99.25574239,-6.540937755
0.00333,15,50,-24.41029668,99.25272558,-6.540937755
0.00333,15,51,-24.41058234,99.24970877,-6.54086025
0.00333,15,52,-24.41086799,99.24669196,-6.541759332
0.00333,15,53,-24.41115365,99.24367515,-6.541857982
0.00333,15,54,-24.4114393,99.24065834,-6.542788954
0.00333,15,55,-24.41172496,99.23764153,-6.54333123
0.00333,15,56,-24.41201062,99.23462472,-6.543733375
0.00333,15,57,-24.41229627,99.23160791,-6.544094535
0.00333,15,58,-24.41258193,99.2285911,-6.544204794
0.00333,15,59,-24.41286758,99.22557429,-6.544588842
0.00333,15,60,-24.41315324,99.22255749,-6.545336289
0.00333,15,61,-24.4134389,99.21954068,-6.546108904
0.00333,15,62,-24.41372455,99.21652387,-6.547005233
0.00333,15,63,-24.41401021,99.21350706,-6.547731223
0.00333,15,64,-24.41429586,99.21049025,-6.548747358
0.00333,15,65,-24.41458152,99.20747344,-6.5501187
0.00333,15,66,-24.41486717,99.20445663,-6.550969996
0.00333,15,67,-24.41515283,99.20143982,-6.553901878
0.00333,15,68,-24.41543849,99.19842301,-6.554745412
0.00333,15,69,-24.41572414,99.1954062,-6.55549093
0.00333,15,70,-24.4160098,99.19238939,-6.557245072
0.00333,15,71,-24.41629545,99.18937258,-6.558371148
0.00333,15,72,-24.41658111,99.18635578,-6.560519747
0.00333,15,73,-24.41686677,99.18333897,-6.563167172
0.00333,15,74,-24.41715242,99.18032216,-6.565215076
0.00333,15,75,-24.41743808,99.17730535,-6.566943045
0.00333,15,76,-24.41772373,99.17428854,-6.568688644
0.00333,15,77,-24.41800939,99.17127173,-6.570854208
0.00333,15,78,-24.41829504,99.16825492,-6.573787695
0.00333,15,79,-24.4185807,99.16523811,-6.57676141
0.00333,15,80,-24.41886636,99.1622213,-6.579853377
0.00333,15,81,-24.41915201,99.15920449,-6.581964092
0.00333,15,82,-24.41943767,99.15618768,-6.582083102
0.00333,15,83,-24.41972332,99.15317088,-6.582090516
0.00333,15,84,-24.42000898,99.15015407,-6.585115492
0.00333,15,85,-24.42029463,99.14713726,-6.593776386
0.00333,15,86,-24.42058029,99.14412045,-6.593776386
0.00333,15,87,-24.42086595,99.14110364,-6.592441134
0.00333,15,88,-24.4211516,99.13808683,-6.598260565
0.00333,15,89,-24.42143726,99.13507002,-6.599864016
0.00333,15,90,-24.42172291,99.13205321,-6.60926864
0.00333,15,91,-24.42200857,99.1290364,-6.611473848
0.00333,15,92,-24.42229423,99.12601959,-6.661734579
0.00333,15,93,-24.42257988,99.12300278,-6.666085236
0.00333,15,94,-24.42286554,99.11998598,-6.660142571
0.00333,15,95,-24.42315119,99.11696917,-6.663484709
0.00333,15,96,-24.42343685,99.11395236,-6.659078072
0.00333,15,97,-24.4237225,99.11093555,-6.654980876
0.00333,15,98,-24.42400816,99.10791874,-6.654194182
0.00333,15,99,-24.42429382,99.10490193,-6.649815696
0.00333,16,0,-24.4109471,99.40498003,-6.582889846
0.00333,16,1,-24.41123275,99.40196322,-6.579410703
0.00333,16,2,-24.41151841,99.39894641,-6.577204166
0.00333,16,3,-24.41180406,99.3959296,-6.572872297
0.00333,16,4,-24.41208972,99.39291279,-6.571764396
0.00333,16,5,-24.41237538,99.38989598,-6.570238176
0.00333,16,6,-24.41266103,99.38687917,-6.569700124
0.00333,16,7,-24.41294669,99.38386236,-6.567665559
0.00333,16,8,-24.41323234,99.38084556,-6.564776502
0.00333,16,9,-24.413518,99.37782875,-6.564514258
0.00333,16,10,-24.41380365,99.37481194,-6.563534335
0.00333,16,11,-24.41408931,99.37179513,-6.563937255
0.00333,16,12,-24.41437497,99.36877832,-6.562502983
0.00333,16,13,-24.41466062,99.36576151,-6.562215255
0.00333,16,14,-24.41494628,99.3627447,-6.561083947
0.00333,16,15,-24.41523193,99.35972789,-6.559932345
0.00333,16,16,-24.41551759,99.35671108,-6.55989369
0.00333,16,17,-24.41580324,99.35369427,-6.557427557
0.00333,16,18,-24.4160889,99.35067746,-6.557427557
0.00333,16,19,-24.41637456,99.34766065,-6.556468073
0.00333,16,20,-24.41666021,99.34464385,-6.555921889
0.00333,16,21,-24.41694587,99.34162704,-6.555515793
0.00333,16,22,-24.41723152,99.33861023,-6.553672053
0.00333,16,23,-24.41751718,99.33559342,-6.552714627
0.00333,16,24,-24.41780284,99.33257661,-6.550956811
0.00333,16,25,-24.41808849,99.3295598,-6.550956811
0.00333,16,26,-24.41837415,99.32654299,-6.551457689
0.00333,16,27,-24.4186598,99.32352618,-6.552590923
0.00333,16,28,-24.41894546,99.32050937,-6.552880677
0.00333,16,29,-24.41923111,99.31749256,-6.552880677
0.00333,16,30,-24.41951677,99.31447575,-6.553166377
0.00333,16,31,-24.41980243,99.31145895,-6.553144702
0.00333,16,32,-24.42008808,99.30844214,-6.55333482
0.00333,16,33,-24.42037374,99.30542533,-6.553890906
0.00333,16,34,-24.42065939,99.30240852,-6.554230471
0.00333,16,35,-24.42094505,99.29939171,-6.554238101
0.00333,16,36,-24.42123071,99.2963749,-6.551870946
0.00333,16,37,-24.42151636,99.29335809,-6.550296837
0.00333,16,38,-24.42180202,99.29034128,-6.550296837
0.00333,16,39,-24.42208767,99.28732447,-6.547268537
0.00333,16,40,-24.42237333,99.28430766,-6.54636487
0.00333,16,41,-24.42265898,99.28129085,-6.547028082
0.00333,16,42,-24.42294464,99.27827405,-6.546365763
0.00333,16,43,-24.4232303,99.27525724,-6.547094799
0.00333,16,44,-24.42351595,99.27224043,-6.545682577
0.00333,16,45,-24.42380161,99.26922362,-6.545367875
0.00333,16,46,-24.42408726,99.26620681,-6.544797508
0.00333,16,47,-24.42437292,99.26319,-6.544519214
0.00333,16,48,-24.42465857,99.26017319,-6.54506317
0.00333,16,49,-24.42494423,99.25715638,-6.54506317
0.00333,16,50,-24.42522989,99.25413957,-6.545399935
0.00333,16,51,-24.42551554,99.25112276,-6.545976995
0.00333,16,52,-24.4258012,99.24810595,-6.546995722
0.00333,16,53,-24.42608685,99.24508915,-6.547166585
0.00333,16,54,-24.42637251,99.24207234,-6.547954143
0.00333,16,55,-24.42665817,99.23905553,-6.548557188
0.00333,16,56,-24.42694382,99.23603872,-6.548784205
0.00333,16,57,-24.42722948,99.23302191,-6.548615248
0.00333,16,58,-24.42751513,99.2300051,-6.548233907
0.00333,16,59,-24.42780079,99.22698829,-6.549193172
0.00333,16,60,-24.42808644,99.22397148,-6.549330079
0.00333,16,61,-24.4283721,99.22095467,-6.549246415
0.00333,16,62,-24.42865776,99.21793786,-6.548789865
0.00333,16,63,-24.42894341,99.21492105,-6.548482729
0.00333,16,64,-24.42922907,99.21190424,-6.548330905
0.00333,16,65,-24.42951472,99.20888744,-6.549163516
0.00333,16,66,-24.42980038,99.20587063,-6.550589336
0.00333,16,67,-24.43008604,99.20285382,-6.550755354
0.00333,16,68,-24.43037169,99.19983701,-6.551710029
0.00333,16,69,-24.43065735,99.1968202,-6.552501688
0.00333,16,70,-24.430943,99.19380339,-6.554765652
0.00333,16,71,-24.43122866,99.19078658,-6.55522713
0.00333,16,72,-24.43151431,99.18776977,-6.55864969
0.00333,16,73,-24.43179997,99.18475296,-6.559756564
0.00333,16,74,-24.43208563,99.18173615,-6.562734922
0.00333,16,75,-24.43237128,99.17871934,-6.565901887
0.00333,16,76,-24.43265694,99.17570254,-6.568208288
0.00333,16,77,-24.43294259,99.17268573,-6.571310189
0.00333,16,78,-24.43322825,99.16966892,-6.572976385
0.00333,16,79,-24.43351391,99.16665211,-6.577461628
0.00333,16,80,-24.43379956,99.1636353,-6.583197462
0.00333,16,81,-24.43408522,99.16061849,-6.586157727
0.00333,16,82,-24.43437087,99.15760168,-6.588084368
0.00333,16,83,-24.43465653,99.15458487,-6.590421003
0.00333,16,84,-24.43494218,99.15156806,-6.59023856
0.00333,16,85,-24.43522784,99.14855125,-6.59023856
0.00333,16,86,-24.4355135,99.14553444,-6.59276522
0.00333,16,87,-24.43579915,99.14251764,-6.595207786
0.00333,16,88,-24.43608481,99.13950083,-6.59736951
0.00333,16,89,-24.43637046,99.13648402,-6.593646922
0.00333,16,90,-24.43665612,99.13346721,-6.593568934
0.00333,16,91,-24.43694177,99.1304504,-6.597538196
0.00333,16,92,-24.43722743,99.12743359,-6.599394033
0.00333,16,93,-24.43751309,99.12441678,-6.602456674
0.00333,16,94,-24.43779874,99.12139997,-6.609607832
0.00333,16,95,-24.4380844,99.11838316,-6.634336479
0.00333,16,96,-24.43837005,99.11536635,-6.654338467
0.00333,16,97,-24.43865571,99.11234954,-6.652100899
0.00333,16,98,-24.43894137,99.10933274,-6.650963693
0.00333,16,99,-24.43922702,99.10631593,-6.650645179
0.00333,17,0,-24.4258803,99.40639402,-6.583896399
0.00333,17,1,-24.42616596,99.40337722,-6.583573835
0.00333,17,2,-24.42645161,99.40036041,-6.583116874
0.00333,17,3,-24.42673727,99.3973436,-6.581361802
0.00333,17,4,-24.42702292,99.39432679,-6.580436575
0.00333,17,5,-24.42730858,99.39130998,-6.579095751
0.00333,17,6,-24.42759424,99.38829317,-6.577801587
0.00333,17,7,-24.42787989,99.38527636,-6.577169439
0.00333,17,8,-24.42816555,99.38225955,-6.576299762
0.00333,17,9,-24.4284512,99.37924274,-6.575139047
0.00333,17,10,-24.42873686,99.37622593,-6.573867475
0.00333,17,11,-24.42902252,99.37320912,-6.572144444
0.00333,17,12,-24.42930817,99.37019231,-6.57173553
0.00333,17,13,-24.42959383,99.36717551,-6.57132991
0.00333,17,14,-24.42987948,99.3641587,-6.570992357
0.00333,17,15,-24.43016514,99.36114189,-6.569801891
0.00333,17,16,-24.43045079,99.35812508,-6.567159662
0.00333,17,17,-24.43073645,99.35510827,-6.566670745
0.00333,17,18,-24.43102211,99.35209146,-6.566759462
0.00333,17,19,-24.43130776,99.34907465,-6.564403251
0.00333,17,20,-24.43159342,99.34605784,-6.562596608
0.00333,17,21,-24.43187907,99.34304103,-6.561589445
0.00333,17,22,-24.43216473,99.34002422,-6.56171384
0.00333,17,23,-24.43245038,99.33700741,-6.559748939
0.00333,17,24,-24.43273604,99.33399061,-6.559746852
0.00333,17,25,-24.4330217,99.3309738,-6.558092256
0.00333,17,26,-24.43330735,99.32795699,-6.558092256
0.00333,17,27,-24.43359301,99.32494018,-6.55917646
0.00333,17,28,-24.43387866,99.32192337,-6.558731369
0.00333,17,29,-24.43416432,99.31890656,-6.557333074
0.00333,17,30,-24.43444998,99.31588975,-6.55696172
0.00333,17,31,-24.43473563,99.31287294,-6.55696172
0.00333,17,32,-24.43502129,99.30985613,-6.558755864
0.00333,17,33,-24.43530694,99.30683932,-6.560188847
0.00333,17,34,-24.4355926,99.30382251,-6.559871177
0.00333,17,35,-24.43587825,99.30080571,-6.560799911
0.00333,17,36,-24.43616391,99.2977889,-6.56147162
0.00333,17,37,-24.43644957,99.29477209,-6.561034059
0.00333,17,38,-24.43673522,99.29175528,-6.561132478
0.00333,17,39,-24.43702088,99.28873847,-6.560073505
0.00333,17,40,-24.43730653,99.28572166,-6.558773141
0.00333,17,41,-24.43759219,99.28270485,-6.554851341
0.00333,17,42,-24.43787785,99.27968804,-6.55474957
0.00333,17,43,-24.4381635,99.27667123,-6.553171482
0.00333,17,44,-24.43844916,99.27365442,-6.553046769
0.00333,17,45,-24.43873481,99.27063761,-6.552201471
0.00333,17,46,-24.43902047,99.26762081,-6.55180543
0.00333,17,47,-24.43930612,99.264604,-6.551703124
0.00333,17,48,-24.43959178,99.26158719,-6.550856595
0.00333,17,49,-24.43987744,99.25857038,-6.551133321
0.00333,17,50,-24.44016309,99.25555357,-6.551959728
0.00333,17,51,-24.44044875,99.25253676,-6.552140575
0.00333,17,52,-24.4407344,99.24951995,-6.553696157
0.00333,17,53,-24.44102006,99.24650314,-6.554299122
0.00333,17,54,-24.44130571,99.24348633,-6.555117275
0.00333,17,55,-24.44159137,99.24046952,-6.552790781
0.00333,17,56,-24.44187703,99.23745271,-6.552790781
0.00333,17,57,-24.44216268,99.2344359,-6.55226482
0.00333,17,58,-24.44244834,99.2314191,-6.552040438
0.00333,17,59,-24.44273399,99.22840229,-6.550572559
0.00333,17,60,-24.44301965,99.22538548,-6.549029906
0.00333,17,61,-24.44330531,99.22236867,-6.548483869
0.00333,17,62,-24.44359096,99.21935186,-6.548346223
0.00333,17,63,-24.44387662,99.21633505,-6.547699997
0.00333,17,64,-24.44416227,99.21331824,-6.547293973
0.00333,17,65,-24.44444793,99.21030143,-6.547293973
0.00333,17,66,-24.44473358,99.20728462,-6.547612882
0.00333,17,67,-24.44501924,99.20426781,-6.548480038
0.00333,17,68,-24.4453049,99.201251,-6.549003008
0.00333,17,69,-24.44559055,99.1982342,-6.549437528
0.00333,17,70,-24.44587621,99.19521739,-6.550919114
0.00333,17,71,-24.44616186,99.19220058,-6.551265453
0.00333,17,72,-24.44644752,99.18918377,-6.553318556
0.00333,17,73,-24.44673318,99.18616696,-6.554839865
0.00333,17,74,-24.44701883,99.18315015,-6.555523728
0.00333,17,75,-24.44730449,99.18013334,-6.557307584
0.00333,17,76,-24.44759014,99.17711653,-6.557347811
0.00333,17,77,-24.4478758,99.17409972,-6.561332775
0.00333,17,78,-24.44816145,99.17108291,-6.566280949
0.00333,17,79,-24.44844711,99.1680661,-6.568542629
0.00333,17,80,-24.44873277,99.1650493,-6.574584372
0.00333,17,81,-24.44901842,99.16203249,-6.577308283
0.00333,17,82,-24.44930408,99.15901568,-6.592854282
0.00333,17,83,-24.44958973,99.15599887,-6.592854282
0.00333,17,84,-24.44987539,99.15298206,-6.592546207
0.00333,17,85,-24.45016105,99.14996525,-6.593019744
0.00333,17,86,-24.4504467,99.14694844,-6.594769508
0.00333,17,87,-24.45073236,99.14393163,-6.595946319
0.00333,17,88,-24.45101801,99.14091482,-6.59659936
0.00333,17,89,-24.45130367,99.13789801,-6.59659936
0.00333,17,90,-24.45158932,99.1348812,-6.598390862
0.00333,17,91,-24.45187498,99.1318644,-6.597805402
0.00333,17,92,-24.45216064,99.12884759,-6.5979052
0.00333,17,93,-24.45244629,99.12583078,-6.600271938
0.00333,17,94,-24.45273195,99.12281397,-6.608246905
0.00333,17,95,-24.4530176,99.11979716,-6.626902591
0.00333,17,96,-24.45330326,99.11678035,-6.627894383
0.00333,17,97,-24.45358891,99.11376354,-6.653923646
0.00333,17,98,-24.45387457,99.11074673,-6.657266429
0.00333,17,99,-24.45416023,99.10772992,-6.662252916
0.00333,18,0,-24.44081351,99.40780802,-6.58442948
0.00333,18,1,-24.44109916,99.40479121,-6.584166038
0.00333,18,2,-24.44138482,99.4017744,-6.582618491
0.00333,18,3,-24.44167047,99.39875759,-6.581929668
0.00333,18,4,-24.44195613,99.39574078,-6.581729989
0.00333,18,5,-24.44224179,99.39272397,-6.5817068
0.00333,18,6,-24.44252744,99.38970717,-6.582380497
0.00333,18,7,-24.4428131,99.38669036,-6.582392705
0.00333,18,8,-24.44309875,99.38367355,-6.582640009
0.00333,18,9,-24.44338441,99.38065674,-6.58290208
0.00333,18,10,-24.44367006,99.37763993,-6.583425163
0.00333,18,11,-24.44395572,99.37462312,-6.584332795
0.00333,18,12,-24.44424138,99.37160631,-6.585178595
0.00333,18,13,-24.44452703,99.3685895,-6.585295778
0.00333,18,14,-24.44481269,99.36557269,-6.586006735
0.00333,18,15,-24.44509834,99.36255588,-6.585762678
0.00333,18,16,-24.445384,99.35953907,-6.585136552
0.00333,18,17,-24.44566966,99.35652227,-6.584649419
0.00333,18,18,-24.44595531,99.35350546,-6.582442881
0.00333,18,19,-24.44624097,99.35048865,-6.581010228
0.00333,18,20,-24.44652662,99.34747184,-6.574983616
0.00333,18,21,-24.44681228,99.34445503,-6.574866042
0.00333,18,22,-24.44709793,99.34143822,-6.574067414
0.00333,18,23,-24.44738359,99.33842141,-6.572218737
0.00333,18,24,-24.44766925,99.3354046,-6.571512024
0.00333,18,25,-24.4479549,99.33238779,-6.571476242
0.00333,18,26,-24.44824056,99.32937098,-6.572319458
0.00333,18,27,-24.44852621,99.32635417,-6.570249257
0.00333,18,28,-24.44881187,99.32333737,-6.57057663
0.00333,18,29,-24.44909752,99.32032056,-6.570605776
0.00333,18,30,-24.44938318,99.31730375,-6.570857165
0.00333,18,31,-24.44966884,99.31428694,-6.570039616
0.00333,18,32,-24.44995449,99.31127013,-6.570007544
0.00333,18,33,-24.45024015,99.30825332,-6.57040715
0.00333,18,34,-24.4505258,99.30523651,-6.570584978
0.00333,18,35,-24.45081146,99.3022197,-6.5726808
0.00333,18,36,-24.45109712,99.29920289,-6.571937215
0.00333,18,37,-24.45138277,99.29618608,-6.571814904
0.00333,18,38,-24.45166843,99.29316927,-6.571814904
0.00333,18,39,-24.45195408,99.29015247,-6.572331381
0.00333,18,40,-24.45223974,99.28713566,-6.572331381
0.00333,18,41,-24.45252539,99.28411885,-6.570780461
0.00333,18,42,-24.45281105,99.28110204,-6.569142615
0.00333,18,43,-24.45309671,99.27808523,-6.566811493
0.00333,18,44,-24.45338236,99.27506842,-6.563711979
0.00333,18,45,-24.45366802,99.27205161,-6.562077975
0.00333,18,46,-24.45395367,99.2690348,-6.558307176
0.00333,18,47,-24.45423933,99.26601799,-6.558164832
0.00333,18,48,-24.45452499,99.26300118,-6.555215113
0.00333,18,49,-24.45481064,99.25998437,-6.554904577
0.00333,18,50,-24.4550963,99.25696756,-6.554987156
0.00333,18,51,-24.45538195,99.25395076,-6.554360898
0.00333,18,52,-24.45566761,99.25093395,-6.554559434
0.00333,18,53,-24.45595326,99.24791714,-6.554277286
0.00333,18,54,-24.45623892,99.24490033,-6.554055846
0.00333,18,55,-24.45652458,99.24188352,-6.553764716
0.00333,18,56,-24.45681023,99.23886671,-6.553298848
0.00333,18,57,-24.45709589,99.2358499,-6.554267268
0.00333,18,58,-24.45738154,99.23283309,-6.553893927
0.00333,18,59,-24.4576672,99.22981628,-6.554087705
0.00333,18,60,-24.45795285,99.22679947,-6.552682739
0.00333,18,61,-24.45823851,99.22378266,-6.552682739
0.00333,18,62,-24.45852417,99.22076586,-6.550961585
0.00333,18,63,-24.45880982,99.21774905,-6.550208331
0.00333,18,64,-24.45909548,99.21473224,-6.549493368
0.00333,18,65,-24.45938113,99.21171543,-6.549681743
0.00333,18,66,-24.45966679,99.20869862,-6.550386434
0.00333,18,67,-24.45995245,99.20568181,-6.550468442
0.00333,18,68,-24.4602381,99.202665,-6.550524128
0.00333,18,69,-24.46052376,99.19964819,-6.551007807
0.00333,18,70,-24.46080941,99.19663138,-6.550232326
0.00333,18,71,-24.46109507,99.19361457,-6.550984984
0.00333,18,72,-24.46138072,99.19059776,-6.553264627
0.00333,18,73,-24.46166638,99.18758096,-6.553983196
0.00333,18,74,-24.46195204,99.18456415,-6.556268031
0.00333,18,75,-24.46223769,99.18154734,-6.557948376
0.00333,18,76,-24.46252335,99.17853053,-6.559383576
0.00333,18,77,-24.462809,99.17551372,-6.563424616
0.00333,18,78,-24.46309466,99.17249691,-6.565172634
0.00333,18,79,-24.46338032,99.1694801,-6.568783938
0.00333,18,80,-24.46366597,99.16646329,-6.568783938
0.00333,18,81,-24.46395163,99.16344648,-6.57275429
0.00333,18,82,-24.46423728,99.16042967,-6.583831378
0.00333,18,83,-24.46452294,99.15741286,-6.585707769
0.00333,18,84,-24.46480859,99.15439606,-6.588488233
0.00333,18,85,-24.46509425,99.15137925,-6.589429378
0.00333,18,86,-24.46537991,99.14836244,-6.592201301
0.00333,18,87,-24.46566556,99.14534563,-6.594265701
0.00333,18,88,-24.46595122,99.14232882,-6.593024192
0.00333,18,89,-24.46623687,99.13931201,-6.593024192
0.00333,18,90,-24.46652253,99.1362952,-6.600694733
0.00333,18,91,-24.46680819,99.13327839,-6.604279063
0.00333,18,92,-24.46709384,99.13026158,-6.604279063
0.00333,18,93,-24.4673795,99.12724477,-6.606129978
0.00333,18,94,-24.46766515,99.12422796,-6.610133462
0.00333,18,95,-24.46795081,99.12121115,-6.658067754
0.00333,18,96,-24.46823646,99.11819435,-6.658067754
0.00333,18,97,-24.46852212,99.11517754,-6.660682698
0.00333,18,98,-24.46880778,99.11216073,-6.665490554
0.00333,18,99,-24.46909343,99.10914392,-6.665160148
