Nail 24,transect,point,x,y,z
0.00333,0,0,-43.30851565,103.70266,-6.143484384
0.00333,0,1,-43.30957473,103.6998208,-6.143484384
0.00333,0,2,-43.31063381,103.6969816,-6.143726427
0.00333,0,3,-43.31169288,103.6941424,-6.148449601
0.00333,0,4,-43.31275196,103.6913032,-6.1479801
0.00333,0,5,-43.31381103,103.6884639,-6.1479801
0.00333,0,6,-43.31487011,103.6856247,-6.147127845
0.00333,0,7,-43.31592919,103.6827855,-6.147036731
0.00333,0,8,-43.31698826,103.6799463,-6.147271596
0.00333,0,9,-43.31804734,103.6771071,-6.147611442
0.00333,0,10,-43.31910642,103.6742679,0
0.00333,0,11,-43.32016549,103.6714287,0
0.00333,0,12,-43.32122457,103.6685895,-6.154983233
0.00333,0,13,-43.32228365,103.6657503,-6.154429978
0.00333,0,14,-43.32334272,103.6629111,-6.154429978
0.00333,0,15,-43.3244018,103.6600719,-6.154301759
0.00333,0,16,-43.32546088,103.6572327,-6.1537559
0.00333,0,17,-43.32651995,103.6543935,-6.1537559
0.00333,0,18,-43.32757903,103.6515543,-6.1537559
0.00333,0,19,-43.3286381,103.6487151,-6.156622675
0.00333,0,20,-43.32969718,103.6458758,0
0.00333,0,21,-43.33075626,103.6430366,-6.168675115
0.00333,0,22,-43.33181533,103.6401974,-6.168675115
0.00333,0,23,-43.33287441,103.6373582,0
0.00333,0,24,-43.33393349,103.634519,0
0.00333,0,25,-43.33499256,103.6316798,-6.139871164
0.00333,0,26,-43.33605164,103.6288406,-6.139544166
0.00333,0,27,-43.33711072,103.6260014,-6.13565788
0.00333,0,28,-43.33816979,103.6231622,-6.13565788
0.00333,0,29,-43.33922887,103.620323,-6.140778663
0.00333,0,30,-43.34028795,103.6174838,-6.138809026
0.00333,0,31,-43.34134702,103.6146446,-6.138809026
0.00333,0,32,-43.3424061,103.6118054,-6.151038839
0.00333,0,33,-43.34346517,103.6089662,-6.14958668
0.00333,0,34,-43.34452425,103.606127,-6.14958668
0.00333,0,35,-43.34558333,103.6032878,-6.119099258
0.00333,0,36,-43.3466424,103.6004485,-6.118787343
0.00333,0,37,-43.34770148,103.5976093,-6.118787343
0.00333,0,38,-43.34876056,103.5947701,-6.147254831
0.00333,0,39,-43.34981963,103.5919309,-6.147254831
0.00333,0,40,-43.35087871,103.5890917,-6.147442618
0.00333,0,41,-43.35193779,103.5862525,-6.14854214
0.00333,0,42,-43.35299686,103.5834133,-6.149601307
0.00333,0,43,-43.35405594,103.5805741,-6.150741831
0.00333,0,44,-43.35511502,103.5777349,-6.151509104
0.00333,0,45,-43.35617409,103.5748957,-6.151478239
0.00333,0,46,-43.35723317,103.5720565,-6.153043921
0.00333,0,47,-43.35829224,103.5692173,-6.155725069
0.00333,0,48,-43.35935132,103.5663781,-6.157825851
0.00333,0,49,-43.3604104,103.5635389,-6.16444856
0.00333,0,50,-43.36146947,103.5606997,-6.166795188
0.00333,0,51,-43.36252855,103.5578604,-6.167659148
0.00333,0,52,-43.36358763,103.5550212,-6.168966614
0.00333,0,53,-43.3646467,103.552182,-6.170214721
0.00333,0,54,-43.36570578,103.5493428,-6.170657905
0.00333,0,55,-43.36676486,103.5465036,-6.170541296
0.00333,0,56,-43.36782393,103.5436644,-6.170888675
0.00333,0,57,-43.36888301,103.5408252,-6.172159169
0.00333,0,58,-43.36994209,103.537986,-6.173646251
0.00333,0,59,-43.37100116,103.5351468,-6.175094655
0.00333,0,60,-43.37206024,103.5323076,-6.175572624
0.00333,0,61,-43.37311931,103.5294684,-6.175442934
0.00333,0,62,-43.37417839,103.5266292,-6.17477831
0.00333,0,63,-43.37523747,103.52379,-6.17477831
0.00333,0,64,-43.37629654,103.5209508,-6.175504182
0.00333,0,65,-43.37735562,103.5181116,-6.175504182
0.00333,0,66,-43.3784147,103.5152723,-6.175676424
0.00333,0,67,-43.37947377,103.5124331,-6.178486019
0.00333,0,68,-43.38053285,103.5095939,-6.179149839
0.00333,0,69,-43.38159193,103.5067547,-6.182315642
0.00333,0,70,-43.382651,103.5039155,-6.183130909
0.00333,0,71,-43.38371008,103.5010763,-6.18457665
0.00333,0,72,-43.38476916,103.4982371,-6.186293515
0.00333,0,73,-43.38582823,103.4953979,-6.180545634
0.00333,0,74,-43.38688731,103.4925587,-6.179636097
0.00333,0,75,-43.38794638,103.4897195,-6.179526601
0.00333,0,76,-43.38900546,103.4868803,-6.176864655
0.00333,0,77,-43.39006454,103.4840411,-6.173980362
0.00333,0,78,-43.39112361,103.4812019,-6.173980362
0.00333,0,79,-43.39218269,103.4783627,-6.175607176
0.00333,0,80,-43.39324177,103.4755235,0
0.00333,0,81,-43.39430084,103.4726843,0
0.00333,0,82,-43.39535992,103.469845,0
0.00333,0,83,-43.396419,103.4670058,0
0.00333,0,84,-43.39747807,103.4641666,-6.112597775
0.00333,0,85,-43.39853715,103.4613274,-6.11411733
0.00333,0,86,-43.39959623,103.4584882,-6.11726663
0.00333,0,87,-43.4006553,103.455649,-6.123145401
0.00333,0,88,-43.40171438,103.4528098,0
0.00333,0,89,-43.40277345,103.4499706,0
0.00333,0,90,-43.40383253,103.4471314,0
0.00333,0,91,-43.40489161,103.4442922,0
0.00333,0,92,-43.40595068,103.441453,0
0.00333,0,93,-43.40700976,103.4386138,0
0.00333,0,94,-43.40806884,103.4357746,0
0.00333,0,95,-43.40912791,103.4329354,0
0.00333,0,96,-43.41018699,103.4300962,0
0.00333,0,97,-43.41124607,103.4272569,-6.118746091
0.00333,0,98,-43.41230514,103.4244177,-6.118746091
0.00333,0,99,-43.41336422,103.4215785,-6.149951651
0.00333,1,0,-43.32190048,103.7076528,0
0.00333,1,1,-43.32295956,103.7048136,0
0.00333,1,2,-43.32401864,103.7019744,0
0.00333,1,3,-43.32507771,103.6991351,0
0.00333,1,4,-43.32613679,103.6962959,0
0.00333,1,5,-43.32719587,103.6934567,0
0.00333,1,6,-43.32825494,103.6906175,0
0.00333,1,7,-43.32931402,103.6877783,0
0.00333,1,8,-43.33037309,103.6849391,0
0.00333,1,9,-43.33143217,103.6820999,0
0.00333,1,10,-43.33249125,103.6792607,0
0.00333,1,11,-43.33355032,103.6764215,0
0.00333,1,12,-43.3346094,103.6735823,-6.153897357
0.00333,1,13,-43.33566848,103.6707431,-6.151442195
0.00333,1,14,-43.33672755,103.6679039,-6.151559494
0.00333,1,15,-43.33778663,103.6650647,-6.15173629
0.00333,1,16,-43.33884571,103.6622255,-6.15069943
0.00333,1,17,-43.33990478,103.6593863,-6.152449368
0.00333,1,18,-43.34096386,103.6565471,-6.153919101
0.00333,1,19,-43.34202294,103.6537078,-6.153283781
0.00333,1,20,-43.34308201,103.6508686,-6.153283781
0.00333,1,21,-43.34414109,103.6480294,-6.155220171
0.00333,1,22,-43.34520016,103.6451902,-6.157038348
0.00333,1,23,-43.34625924,103.642351,-6.160772918
0.00333,1,24,-43.34731832,103.6395118,-6.16287063
0.00333,1,25,-43.34837739,103.6366726,-6.16287063
0.00333,1,26,-43.34943647,103.6338334,-6.163396118
0.00333,1,27,-43.35049555,103.6309942,-6.134635648
0.00333,1,28,-43.35155462,103.628155,-6.134936753
0.00333,1,29,-43.3526137,103.6253158,-6.134990072
0.00333,1,30,-43.35367278,103.6224766,-6.160964645
0.00333,1,31,-43.35473185,103.6196374,-6.160758383
0.00333,1,32,-43.35579093,103.6167982,-6.161332008
0.00333,1,33,-43.35685001,103.613959,-6.150808125
0.00333,1,34,-43.35790908,103.6111197,-6.156396653
0.00333,1,35,-43.35896816,103.6082805,-6.152553272
0.00333,1,36,-43.36002723,103.6054413,-6.152553272
0.00333,1,37,-43.36108631,103.6026021,-6.152878891
0.00333,1,38,-43.36214539,103.5997629,-6.15863943
0.00333,1,39,-43.36320446,103.5969237,-6.161005081
0.00333,1,40,-43.36426354,103.5940845,-6.16164868
0.00333,1,41,-43.36532262,103.5912453,-6.161418072
0.00333,1,42,-43.36638169,103.5884061,-6.163578042
0.00333,1,43,-43.36744077,103.5855669,-6.165134598
0.00333,1,44,-43.36849985,103.5827277,-6.164612104
0.00333,1,45,-43.36955892,103.5798885,-6.164382436
0.00333,1,46,-43.370618,103.5770493,-6.164634872
0.00333,1,47,-43.37167708,103.5742101,-6.164149582
0.00333,1,48,-43.37273615,103.5713709,-6.164149582
0.00333,1,49,-43.37379523,103.5685316,-6.166173739
0.00333,1,50,-43.3748543,103.5656924,-6.167397847
0.00333,1,51,-43.37591338,103.5628532,-6.168502773
0.00333,1,52,-43.37697246,103.560014,-6.170881615
0.00333,1,53,-43.37803153,103.5571748,-6.171279235
0.00333,1,54,-43.37909061,103.5543356,-6.170543664
0.00333,1,55,-43.38014969,103.5514964,-6.170190826
0.00333,1,56,-43.38120876,103.5486572,-6.170748876
0.00333,1,57,-43.38226784,103.545818,-6.171555712
0.00333,1,58,-43.38332692,103.5429788,-6.172338853
0.00333,1,59,-43.38438599,103.5401396,-6.17392249
0.00333,1,60,-43.38544507,103.5373004,-6.170242038
0.00333,1,61,-43.38650415,103.5344612,-6.169712887
0.00333,1,62,-43.38756322,103.531622,-6.170457887
0.00333,1,63,-43.3886223,103.5287828,-6.171203029
0.00333,1,64,-43.38968137,103.5259436,-6.172785569
0.00333,1,65,-43.39074045,103.5231043,-6.173818629
0.00333,1,66,-43.39179953,103.5202651,-6.176049671
0.00333,1,67,-43.3928586,103.5174259,-6.177267286
0.00333,1,68,-43.39391768,103.5145867,-6.17853659
0.00333,1,69,-43.39497676,103.5117475,-6.178645312
0.00333,1,70,-43.39603583,103.5089083,-6.178870424
0.00333,1,71,-43.39709491,103.5060691,-6.181026155
0.00333,1,72,-43.39815399,103.5032299,-6.181212929
0.00333,1,73,-43.39921306,103.5003907,-6.180870422
0.00333,1,74,-43.40027214,103.4975515,-6.18036485
0.00333,1,75,-43.40133122,103.4947123,-6.179930587
0.00333,1,76,-43.40239029,103.4918731,-6.179077262
0.00333,1,77,-43.40344937,103.4890339,-6.17871748
0.00333,1,78,-43.40450844,103.4861947,-6.177719528
0.00333,1,79,-43.40556752,103.4833555,-6.177719528
0.00333,1,80,-43.4066266,103.4805162,0
0.00333,1,81,-43.40768567,103.477677,0
0.00333,1,82,-43.40874475,103.4748378,0
0.00333,1,83,-43.40980383,103.4719986,0
0.00333,1,84,-43.4108629,103.4691594,0
0.00333,1,85,-43.41192198,103.4663202,0
0.00333,1,86,-43.41298106,103.463481,0
0.00333,1,87,-43.41404013,103.4606418,0
0.00333,1,88,-43.41509921,103.4578026,0
0.00333,1,89,-43.41615829,103.4549634,-6.18473348
0.00333,1,90,-43.41721736,103.4521242,-6.18473348
0.00333,1,91,-43.41827644,103.449285,-6.131624272
0.00333,1,92,-43.41933551,103.4464458,-6.131624272
0.00333,1,93,-43.42039459,103.4436066,-6.132692305
0.00333,1,94,-43.42145367,103.4407674,-6.133824643
0.00333,1,95,-43.42251274,103.4379281,-6.209885957
0.00333,1,96,-43.42357182,103.4350889,-6.209885957
0.00333,1,97,-43.4246309,103.4322497,0
0.00333,1,98,-43.42568997,103.4294105,0
0.00333,1,99,-43.42674905,103.4265713,-6.148704681
0.00333,2,0,-43.33528531,103.7126456,0
0.00333,2,1,-43.33634439,103.7098063,0
0.00333,2,2,-43.33740347,103.7069671,0
0.00333,2,3,-43.33846254,103.7041279,0
0.00333,2,4,-43.33952162,103.7012887,0
0.00333,2,5,-43.3405807,103.6984495,0
0.00333,2,6,-43.34163977,103.6956103,0
0.00333,2,7,-43.34269885,103.6927711,0
0.00333,2,8,-43.34375793,103.6899319,0
0.00333,2,9,-43.344817,103.6870927,0
0.00333,2,10,-43.34587608,103.6842535,0
0.00333,2,11,-43.34693515,103.6814143,0
0.00333,2,12,-43.34799423,103.6785751,0
0.00333,2,13,-43.34905331,103.6757359,-6.150072568
0.00333,2,14,-43.35011238,103.6728967,-6.14951274
0.00333,2,15,-43.35117146,103.6700575,-6.14436198
0.00333,2,16,-43.35223054,103.6672183,-6.14436198
0.00333,2,17,-43.35328961,103.664379,-6.144904079
0.00333,2,18,-43.35434869,103.6615398,-6.144904079
0.00333,2,19,-43.35540777,103.6587006,-6.145394119
0.00333,2,20,-43.35646684,103.6558614,-6.145104555
0.00333,2,21,-43.35752592,103.6530222,-6.145104555
0.00333,2,22,-43.358585,103.650183,-6.150373453
0.00333,2,23,-43.35964407,103.6473438,-6.154688481
0.00333,2,24,-43.36070315,103.6445046,-6.156837225
0.00333,2,25,-43.36176222,103.6416654,-6.157954235
0.00333,2,26,-43.3628213,103.6388262,-6.156140675
0.00333,2,27,-43.36388038,103.635987,-6.160423114
0.00333,2,28,-43.36493945,103.6331478,-6.160423114
0.00333,2,29,-43.36599853,103.6303086,-6.160838292
0.00333,2,30,-43.36705761,103.6274694,-6.162016179
0.00333,2,31,-43.36811668,103.6246302,-6.161326763
0.00333,2,32,-43.36917576,103.6217909,-6.161326763
0.00333,2,33,-43.37023484,103.6189517,-6.162323292
0.00333,2,34,-43.37129391,103.6161125,-6.164734385
0.00333,2,35,-43.37235299,103.6132733,-6.165438431
0.00333,2,36,-43.37341207,103.6104341,-6.165412151
0.00333,2,37,-43.37447114,103.6075949,-6.16630405
0.00333,2,38,-43.37553022,103.6047557,-6.16700819
0.00333,2,39,-43.37658929,103.6019165,-6.169339609
0.00333,2,40,-43.37764837,103.5990773,-6.169736895
0.00333,2,41,-43.37870745,103.5962381,-6.167542595
0.00333,2,42,-43.37976652,103.5933989,-6.167542595
0.00333,2,43,-43.3808256,103.5905597,-6.157569383
0.00333,2,44,-43.38188468,103.5877205,-6.153345414
0.00333,2,45,-43.38294375,103.5848813,-6.153176074
0.00333,2,46,-43.38400283,103.5820421,-6.149861506
0.00333,2,47,-43.38506191,103.5792029,-6.149583075
0.00333,2,48,-43.38612098,103.5763636,-6.149583075
0.00333,2,49,-43.38718006,103.5735244,-6.16223671
0.00333,2,50,-43.38823914,103.5706852,-6.163724801
0.00333,2,51,-43.38929821,103.567846,-6.163456401
0.00333,2,52,-43.39035729,103.5650068,-6.164145048
0.00333,2,53,-43.39141636,103.5621676,-6.166235823
0.00333,2,54,-43.39247544,103.5593284,-6.16778157
0.00333,2,55,-43.39353452,103.5564892,-6.16714489
0.00333,2,56,-43.39459359,103.55365,-6.168202328
0.00333,2,57,-43.39565267,103.5508108,-6.166857881
0.00333,2,58,-43.39671175,103.5479716,-6.165920075
0.00333,2,59,-43.39777082,103.5451324,-6.164475317
0.00333,2,60,-43.3988299,103.5422932,-6.164475317
0.00333,2,61,-43.39988898,103.539454,-6.164933437
0.00333,2,62,-43.40094805,103.5366148,-6.165863506
0.00333,2,63,-43.40200713,103.5337755,-6.166574796
0.00333,2,64,-43.40306621,103.5309363,-6.168077197
0.00333,2,65,-43.40412528,103.5280971,-6.17004235
0.00333,2,66,-43.40518436,103.5252579,-6.172308636
0.00333,2,67,-43.40624343,103.5224187,-6.172814702
0.00333,2,68,-43.40730251,103.5195795,-6.173793723
0.00333,2,69,-43.40836159,103.5167403,-6.177411924
0.00333,2,70,-43.40942066,103.5139011,-6.178443503
0.00333,2,71,-43.41047974,103.5110619,-6.179071115
0.00333,2,72,-43.41153882,103.5082227,-6.179997193
0.00333,2,73,-43.41259789,103.5053835,-6.178545859
0.00333,2,74,-43.41365697,103.5025443,-6.17678538
0.00333,2,75,-43.41471605,103.4997051,-6.17678538
0.00333,2,76,-43.41577512,103.4968659,-6.177862198
0.00333,2,77,-43.4168342,103.4940267,-6.178213092
0.00333,2,78,-43.41789328,103.4911874,-6.181689692
0.00333,2,79,-43.41895235,103.4883482,-6.181689692
0.00333,2,80,-43.42001143,103.485509,0
0.00333,2,81,-43.4210705,103.4826698,0
0.00333,2,82,-43.42212958,103.4798306,0
0.00333,2,83,-43.42318866,103.4769914,0
0.00333,2,84,-43.42424773,103.4741522,0
0.00333,2,85,-43.42530681,103.471313,0
0.00333,2,86,-43.42636589,103.4684738,-6.153238242
0.00333,2,87,-43.42742496,103.4656346,-6.153238242
0.00333,2,88,-43.42848404,103.4627954,0
0.00333,2,89,-43.42954312,103.4599562,-6.137085599
0.00333,2,90,-43.43060219,103.457117,-6.137085599
0.00333,2,91,-43.43166127,103.4542778,-6.137724062
0.00333,2,92,-43.43272035,103.4514386,0
0.00333,2,93,-43.43377942,103.4485994,0
0.00333,2,94,-43.4348385,103.4457601,0
0.00333,2,95,-43.43589757,103.4429209,0
0.00333,2,96,-43.43695665,103.4400817,0
0.00333,2,97,-43.43801573,103.4372425,-6.133795751
0.00333,2,98,-43.4390748,103.4344033,-6.135079504
0.00333,2,99,-43.44013388,103.4315641,0
0.00333,3,0,-43.34867014,103.7176383,0
0.00333,3,1,-43.34972922,103.7147991,0
0.00333,3,2,-43.3507883,103.7119599,0
0.00333,3,3,-43.35184737,103.7091207,0
0.00333,3,4,-43.35290645,103.7062815,0
0.00333,3,5,-43.35396553,103.7034423,0
0.00333,3,6,-43.3550246,103.7006031,-6.137794631
0.00333,3,7,-43.35608368,103.6977639,-6.13821934
0.00333,3,8,-43.35714276,103.6949247,-6.139755016
0.00333,3,9,-43.35820183,103.6920855,-6.142059358
0.00333,3,10,-43.35926091,103.6892463,-6.142059358
0.00333,3,11,-43.36031999,103.6864071,-6.144168464
0.00333,3,12,-43.36137906,103.6835679,0
0.00333,3,13,-43.36243814,103.6807287,0
0.00333,3,14,-43.36349721,103.6778895,0
0.00333,3,15,-43.36455629,103.6750502,0
0.00333,3,16,-43.36561537,103.672211,0
0.00333,3,17,-43.36667444,103.6693718,0
0.00333,3,18,-43.36773352,103.6665326,0
0.00333,3,19,-43.3687926,103.6636934,0
0.00333,3,20,-43.36985167,103.6608542,0
0.00333,3,21,-43.37091075,103.658015,-6.151813466
0.00333,3,22,-43.37196983,103.6551758,-6.152318387
0.00333,3,23,-43.3730289,103.6523366,-6.151800974
0.00333,3,24,-43.37408798,103.6494974,-6.151409403
0.00333,3,25,-43.37514706,103.6466582,-6.153965938
0.00333,3,26,-43.37620613,103.643819,-6.154149963
0.00333,3,27,-43.37726521,103.6409798,-6.157904782
0.00333,3,28,-43.37832428,103.6381406,-6.156607154
0.00333,3,29,-43.37938336,103.6353014,-6.156607154
0.00333,3,30,-43.38044244,103.6324621,-6.157277399
0.00333,3,31,-43.38150151,103.6296229,-6.15749531
0.00333,3,32,-43.38256059,103.6267837,-6.156862728
0.00333,3,33,-43.38361967,103.6239445,-6.156324553
0.00333,3,34,-43.38467874,103.6211053,-6.156367711
0.00333,3,35,-43.38573782,103.6182661,-6.156845789
0.00333,3,36,-43.3867969,103.6154269,-6.157268461
0.00333,3,37,-43.38785597,103.6125877,-6.157684101
0.00333,3,38,-43.38891505,103.6097485,-6.157684101
0.00333,3,39,-43.38997413,103.6069093,-6.158685633
0.00333,3,40,-43.3910332,103.6040701,-6.162028984
0.00333,3,41,-43.39209228,103.6012309,-6.164467556
0.00333,3,42,-43.39315135,103.5983917,-6.165291878
0.00333,3,43,-43.39421043,103.5955525,-6.157373732
0.00333,3,44,-43.39526951,103.5927133,-6.150883511
0.00333,3,45,-43.39632858,103.5898741,-6.150883511
0.00333,3,46,-43.39738766,103.5870348,-6.160767757
0.00333,3,47,-43.39844674,103.5841956,-6.160767757
0.00333,3,48,-43.39950581,103.5813564,-6.138678008
0.00333,3,49,-43.40056489,103.5785172,-6.138678008
0.00333,3,50,-43.40162397,103.575678,-6.139082581
0.00333,3,51,-43.40268304,103.5728388,-6.159360509
0.00333,3,52,-43.40374212,103.5699996,-6.158640293
0.00333,3,53,-43.4048012,103.5671604,-6.158640293
0.00333,3,54,-43.40586027,103.5643212,-6.158959744
0.00333,3,55,-43.40691935,103.561482,-6.159059195
0.00333,3,56,-43.40797842,103.5586428,-6.159319468
0.00333,3,57,-43.4090375,103.5558036,-6.15986782
0.00333,3,58,-43.41009658,103.5529644,-6.160473969
0.00333,3,59,-43.41115565,103.5501252,-6.161585788
0.00333,3,60,-43.41221473,103.547286,-6.162215357
0.00333,3,61,-43.41327381,103.5444467,-6.163059989
0.00333,3,62,-43.41433288,103.5416075,-6.163298809
0.00333,3,63,-43.41539196,103.5387683,-6.163340502
0.00333,3,64,-43.41645104,103.5359291,-6.163340502
0.00333,3,65,-43.41751011,103.5330899,-6.160126865
0.00333,3,66,-43.41856919,103.5302507,-6.159794323
0.00333,3,67,-43.41962827,103.5274115,-6.169154186
0.00333,3,68,-43.42068734,103.5245723,-6.17042538
0.00333,3,69,-43.42174642,103.5217331,-6.172470382
0.00333,3,70,-43.42280549,103.5188939,-6.174879967
0.00333,3,71,-43.42386457,103.5160547,-6.175932216
0.00333,3,72,-43.42492365,103.5132155,-6.177864612
0.00333,3,73,-43.42598272,103.5103763,-6.180099732
0.00333,3,74,-43.4270418,103.5075371,-6.181228315
0.00333,3,75,-43.42810088,103.5046979,-6.182710834
0.00333,3,76,-43.42915995,103.5018587,-6.182898864
0.00333,3,77,-43.43021903,103.4990194,-6.182456803
0.00333,3,78,-43.43127811,103.4961802,-6.182378324
0.00333,3,79,-43.43233718,103.493341,-6.182554781
0.00333,3,80,-43.43339626,103.4905018,-6.181052854
0.00333,3,81,-43.43445534,103.4876626,-6.111442581
0.00333,3,82,-43.43551441,103.4848234,-6.111442581
0.00333,3,83,-43.43657349,103.4819842,-6.112072815
0.00333,3,84,-43.43763256,103.479145,0
0.00333,3,85,-43.43869164,103.4763058,0
0.00333,3,86,-43.43975072,103.4734666,0
0.00333,3,87,-43.44080979,103.4706274,0
0.00333,3,88,-43.44186887,103.4677882,0
0.00333,3,89,-43.44292795,103.464949,0
0.00333,3,90,-43.44398702,103.4621098,0
0.00333,3,91,-43.4450461,103.4592706,0
0.00333,3,92,-43.44610518,103.4564313,0
0.00333,3,93,-43.44716425,103.4535921,0
0.00333,3,94,-43.44822333,103.4507529,0
0.00333,3,95,-43.44928241,103.4479137,-6.07713148
0.00333,3,96,-43.45034148,103.4450745,-6.07713148
0.00333,3,97,-43.45140056,103.4422353,-6.077330847
0.00333,3,98,-43.45245963,103.4393961,0
0.00333,3,99,-43.45351871,103.4365569,0
0.00333,4,0,-43.36205498,103.7226311,-6.152913551
0.00333,4,1,-43.36311405,103.7197919,-6.150059631
0.00333,4,2,-43.36417313,103.7169527,-6.150059631
0.00333,4,3,-43.3652322,103.7141135,0
0.00333,4,4,-43.36629128,103.7112743,0
0.00333,4,5,-43.36735036,103.7084351,0
0.00333,4,6,-43.36840943,103.7055959,-6.163063241
0.00333,4,7,-43.36946851,103.7027567,-6.163063241
0.00333,4,8,-43.37052759,103.6999175,-6.163301391
0.00333,4,9,-43.37158666,103.6970783,-6.159843725
0.00333,4,10,-43.37264574,103.6942391,-6.159765037
0.00333,4,11,-43.37370482,103.6913999,-6.161317039
0.00333,4,12,-43.37476389,103.6885607,-6.160960331
0.00333,4,13,-43.37582297,103.6857214,-6.158472062
0.00333,4,14,-43.37688205,103.6828822,-6.158065258
0.00333,4,15,-43.37794112,103.680043,-6.160713804
0.00333,4,16,-43.3790002,103.6772038,0
0.00333,4,17,-43.38005927,103.6743646,0
0.00333,4,18,-43.38111835,103.6715254,0
0.00333,4,19,-43.38217743,103.6686862,0
0.00333,4,20,-43.3832365,103.665847,0
0.00333,4,21,-43.38429558,103.6630078,-6.154952592
0.00333,4,22,-43.38535466,103.6601686,-6.154952592
0.00333,4,23,-43.38641373,103.6573294,0
0.00333,4,24,-43.38747281,103.6544902,-6.151098006
0.00333,4,25,-43.38853189,103.651651,-6.150583136
0.00333,4,26,-43.38959096,103.6488118,-6.155259406
0.00333,4,27,-43.39065004,103.6459726,-6.15495048
0.00333,4,28,-43.39170912,103.6431334,-6.156036574
0.00333,4,29,-43.39276819,103.6402941,-6.154018132
0.00333,4,30,-43.39382727,103.6374549,-6.155363971
0.00333,4,31,-43.39488634,103.6346157,-6.154476569
0.00333,4,32,-43.39594542,103.6317765,-6.153774282
0.00333,4,33,-43.3970045,103.6289373,-6.153774282
0.00333,4,34,-43.39806357,103.6260981,-6.153852246
0.00333,4,35,-43.39912265,103.6232589,-6.153852246
0.00333,4,36,-43.40018173,103.6204197,-6.154518427
0.00333,4,37,-43.4012408,103.6175805,-6.155400889
0.00333,4,38,-43.40229988,103.6147413,-6.156212165
0.00333,4,39,-43.40335896,103.6119021,-6.157003679
0.00333,4,40,-43.40441803,103.6090629,-6.157801137
0.00333,4,41,-43.40547711,103.6062237,-6.158856923
0.00333,4,42,-43.40653619,103.6033845,-6.160132949
0.00333,4,43,-43.40759526,103.6005453,-6.162043866
0.00333,4,44,-43.40865434,103.597706,-6.163783759
0.00333,4,45,-43.40971341,103.5948668,-6.161332863
0.00333,4,46,-43.41077249,103.5920276,-6.160963823
0.00333,4,47,-43.41183157,103.5891884,-6.159914316
0.00333,4,48,-43.41289064,103.5863492,-6.15896771
0.00333,4,49,-43.41394972,103.58351,-6.157479271
0.00333,4,50,-43.4150088,103.5806708,-6.156317366
0.00333,4,51,-43.41606787,103.5778316,-6.156317366
0.00333,4,52,-43.41712695,103.5749924,-6.156745776
0.00333,4,53,-43.41818603,103.5721532,-6.156745776
0.00333,4,54,-43.4192451,103.569314,-6.156986892
0.00333,4,55,-43.42030418,103.5664748,-6.156986892
0.00333,4,56,-43.42136326,103.5636356,-6.157284232
0.00333,4,57,-43.42242233,103.5607964,-6.157530916
0.00333,4,58,-43.42348141,103.5579572,-6.158553924
0.00333,4,59,-43.42454048,103.5551179,-6.159218171
0.00333,4,60,-43.42559956,103.5522787,-6.159856863
0.00333,4,61,-43.42665864,103.5494395,-6.160784175
0.00333,4,62,-43.42771771,103.5466003,-6.161316842
0.00333,4,63,-43.42877679,103.5437611,-6.163344363
0.00333,4,64,-43.42983587,103.5409219,-6.163408987
0.00333,4,65,-43.43089494,103.5380827,-6.1639851
0.00333,4,66,-43.43195402,103.5352435,-6.165842974
0.00333,4,67,-43.4330131,103.5324043,-6.167290296
0.00333,4,68,-43.43407217,103.5295651,-6.172410616
0.00333,4,69,-43.43513125,103.5267259,-6.172747301
0.00333,4,70,-43.43619033,103.5238867,-6.176123878
0.00333,4,71,-43.4372494,103.5210475,-6.175968777
0.00333,4,72,-43.43830848,103.5182083,-6.180896698
0.00333,4,73,-43.43936755,103.5153691,-6.181663637
0.00333,4,74,-43.44042663,103.5125299,-6.184166985
0.00333,4,75,-43.44148571,103.5096906,-6.184754014
0.00333,4,76,-43.44254478,103.5068514,-6.182706079
0.00333,4,77,-43.44360386,103.5040122,-6.182706079
0.00333,4,78,-43.44466294,103.501173,-6.182904958
0.00333,4,79,-43.44572201,103.4983338,-6.179421664
0.00333,4,80,-43.44678109,103.4954946,-6.177356765
0.00333,4,81,-43.44784017,103.4926554,-6.174997751
0.00333,4,82,-43.44889924,103.4898162,-6.1722454
0.00333,4,83,-43.44995832,103.486977,-6.172476778
0.00333,4,84,-43.4510174,103.4841378,-6.172225191
0.00333,4,85,-43.45207647,103.4812986,-6.172225191
0.00333,4,86,-43.45313555,103.4784594,-6.172425299
0.00333,4,87,-43.45419462,103.4756202,-6.174428695
0.00333,4,88,-43.4552537,103.472781,0
0.00333,4,89,-43.45631278,103.4699418,0
0.00333,4,90,-43.45737185,103.4671025,-6.091296093
0.00333,4,91,-43.45843093,103.4642633,-6.091296093
0.00333,4,92,-43.45949001,103.4614241,-6.177895983
0.00333,4,93,-43.46054908,103.4585849,-6.174336339
0.00333,4,94,-43.46160816,103.4557457,-6.174336339
0.00333,4,95,-43.46266724,103.4529065,0
0.00333,4,96,-43.46372631,103.4500673,0
0.00333,4,97,-43.46478539,103.4472281,0
0.00333,4,98,-43.46584447,103.4443889,-6.171445798
0.00333,4,99,-43.46690354,103.4415497,-6.145155603
0.00333,5,0,-43.37543981,103.7276239,-6.153806012
0.00333,5,1,-43.37649888,103.7247847,-6.159914096
0.00333,5,2,-43.37755796,103.7219455,0
0.00333,5,3,-43.37861704,103.7191063,0
0.00333,5,4,-43.37967611,103.7162671,-6.158536765
0.00333,5,5,-43.38073519,103.7134279,-6.158219462
0.00333,5,6,-43.38179426,103.7105887,-6.158219462
0.00333,5,7,-43.38285334,103.7077495,-6.156621651
0.00333,5,8,-43.38391242,103.7049103,-6.156621651
0.00333,5,9,-43.38497149,103.7020711,-6.156392221
0.00333,5,10,-43.38603057,103.6992319,-6.156392221
0.00333,5,11,-43.38708965,103.6963927,-6.156670165
0.00333,5,12,-43.38814872,103.6935534,-6.156670165
0.00333,5,13,-43.3892078,103.6907142,-6.157849821
0.00333,5,14,-43.39026688,103.687875,-6.158095918
0.00333,5,15,-43.39132595,103.6850358,-6.159520861
0.00333,5,16,-43.39238503,103.6821966,-6.156869077
0.00333,5,17,-43.39344411,103.6793574,-6.156869077
0.00333,5,18,-43.39450318,103.6765182,-6.155352458
0.00333,5,19,-43.39556226,103.673679,-6.151885178
0.00333,5,20,-43.39662133,103.6708398,-6.151680237
0.00333,5,21,-43.39768041,103.6680006,-6.151680237
0.00333,5,22,-43.39873949,103.6651614,-6.152683991
0.00333,5,23,-43.39979856,103.6623222,-6.155239523
0.00333,5,24,-43.40085764,103.659483,-6.151676834
0.00333,5,25,-43.40191672,103.6566438,-6.151676834
0.00333,5,26,-43.40297579,103.6538046,-6.156790852
0.00333,5,27,-43.40403487,103.6509653,-6.155924118
0.00333,5,28,-43.40509395,103.6481261,-6.154883087
0.00333,5,29,-43.40615302,103.6452869,-6.15461096
0.00333,5,30,-43.4072121,103.6424477,-6.155296914
0.00333,5,31,-43.40827118,103.6396085,-6.154611937
0.00333,5,32,-43.40933025,103.6367693,-6.153921687
0.00333,5,33,-43.41038933,103.6339301,-6.153881024
0.00333,5,34,-43.4114484,103.6310909,-6.153592398
0.00333,5,35,-43.41250748,103.6282517,-6.153488447
0.00333,5,36,-43.41356656,103.6254125,-6.153488447
0.00333,5,37,-43.41462563,103.6225733,-6.153651447
0.00333,5,38,-43.41568471,103.6197341,-6.154130173
0.00333,5,39,-43.41674379,103.6168949,-6.154296961
0.00333,5,40,-43.41780286,103.6140557,-6.154223933
0.00333,5,41,-43.41886194,103.6112165,-6.154264306
0.00333,5,42,-43.41992102,103.6083772,-6.15441958
0.00333,5,43,-43.42098009,103.605538,-6.154892885
0.00333,5,44,-43.42203917,103.6026988,-6.155997471
0.00333,5,45,-43.42309825,103.5998596,-6.158016417
0.00333,5,46,-43.42415732,103.5970204,-6.158077248
0.00333,5,47,-43.4252164,103.5941812,-6.157997996
0.00333,5,48,-43.42627547,103.591342,-6.15640344
0.00333,5,49,-43.42733455,103.5885028,-6.155799651
0.00333,5,50,-43.42839363,103.5856636,-6.155033663
0.00333,5,51,-43.4294527,103.5828244,-6.154816124
0.00333,5,52,-43.43051178,103.5799852,-6.154638699
0.00333,5,53,-43.43157086,103.577146,-6.154483639
0.00333,5,54,-43.43262993,103.5743068,-6.153399887
0.00333,5,55,-43.43368901,103.5714676,-6.153399887
0.00333,5,56,-43.43474809,103.5686284,-6.154600336
0.00333,5,57,-43.43580716,103.5657892,-6.154270557
0.00333,5,58,-43.43686624,103.5629499,-6.15462945
0.00333,5,59,-43.43792532,103.5601107,-6.155232213
0.00333,5,60,-43.43898439,103.5572715,-6.156876866
0.00333,5,61,-43.44004347,103.5544323,-6.157453592
0.00333,5,62,-43.44110254,103.5515931,-6.157917064
0.00333,5,63,-43.44216162,103.5487539,-6.159415227
0.00333,5,64,-43.4432207,103.5459147,-6.160933714
0.00333,5,65,-43.44427977,103.5430755,-6.163485391
0.00333,5,66,-43.44533885,103.5402363,-6.165039789
0.00333,5,67,-43.44639793,103.5373971,-6.171375469
0.00333,5,68,-43.447457,103.5345579,-6.173517504
0.00333,5,69,-43.44851608,103.5317187,-6.175476539
0.00333,5,70,-43.44957516,103.5288795,-6.175481182
0.00333,5,71,-43.45063423,103.5260403,-6.17984602
0.00333,5,72,-43.45169331,103.5232011,-6.181572393
0.00333,5,73,-43.45275239,103.5203618,-6.183497656
0.00333,5,74,-43.45381146,103.5175226,-6.185744295
0.00333,5,75,-43.45487054,103.5146834,-6.183796418
0.00333,5,76,-43.45592961,103.5118442,-6.183461552
0.00333,5,77,-43.45698869,103.509005,-6.18361513
0.00333,5,78,-43.45804777,103.5061658,-6.184313446
0.00333,5,79,-43.45910684,103.5033266,-6.183060059
0.00333,5,80,-43.46016592,103.5004874,-6.183060059
0.00333,5,81,-43.461225,103.4976482,-6.182921178
0.00333,5,82,-43.46228407,103.494809,-6.182086543
0.00333,5,83,-43.46334315,103.4919698,-6.180704993
0.00333,5,84,-43.46440223,103.4891306,-6.180704993
0.00333,5,85,-43.4654613,103.4862914,-6.186226247
0.00333,5,86,-43.46652038,103.4834522,-6.175307595
0.00333,5,87,-43.46757946,103.480613,-6.175307595
0.00333,5,88,-43.46863853,103.4777738,-6.172733427
0.00333,5,89,-43.46969761,103.4749345,-6.172733427
0.00333,5,90,-43.47075668,103.4720953,-6.17932716
0.00333,5,91,-43.47181576,103.4692561,-6.17932716
0.00333,5,92,-43.47287484,103.4664169,-6.17943511
0.00333,5,93,-43.47393391,103.4635777,-6.17867616
0.00333,5,94,-43.47499299,103.4607385,-6.044118906
0.00333,5,95,-43.47605207,103.4578993,-6.043298699
0.00333,5,96,-43.47711114,103.4550601,-6.133133646
0.00333,5,97,-43.47817022,103.4522209,-6.12532122
0.00333,5,98,-43.4792293,103.4493817,-6.12532122
0.00333,5,99,-43.48028837,103.4465425,-6.13667662
0.00333,6,0,-43.38882464,103.7326167,-6.159591978
0.00333,6,1,-43.38988371,103.7297775,-6.159591978
0.00333,6,2,-43.39094279,103.7269383,-6.158803016
0.00333,6,3,-43.39200187,103.7240991,-6.158167179
0.00333,6,4,-43.39306094,103.7212599,-6.158167179
0.00333,6,5,-43.39412002,103.7184207,-6.158113555
0.00333,6,6,-43.3951791,103.7155815,-6.158555094
0.00333,6,7,-43.39623817,103.7127423,-6.158735269
0.00333,6,8,-43.39729725,103.7099031,-6.159510445
0.00333,6,9,-43.39835632,103.7070639,-6.159410943
0.00333,6,10,-43.3994154,103.7042246,-6.15900818
0.00333,6,11,-43.40047448,103.7013854,-6.159163657
0.00333,6,12,-43.40153355,103.6985462,-6.159529532
0.00333,6,13,-43.40259263,103.695707,-6.160062892
0.00333,6,14,-43.40365171,103.6928678,-6.159637773
0.00333,6,15,-43.40471078,103.6900286,-6.159406322
0.00333,6,16,-43.40576986,103.6871894,-6.159406322
0.00333,6,17,-43.40682894,103.6843502,-6.159391124
0.00333,6,18,-43.40788801,103.681511,-6.158977085
0.00333,6,19,-43.40894709,103.6786718,-6.158977085
0.00333,6,20,-43.41000617,103.6758326,-6.158462334
0.00333,6,21,-43.41106524,103.6729934,-6.150947734
0.00333,6,22,-43.41212432,103.6701542,-6.150947734
0.00333,6,23,-43.41318339,103.667315,-6.152298035
0.00333,6,24,-43.41424247,103.6644758,-6.157013943
0.00333,6,25,-43.41530155,103.6616365,-6.156974882
0.00333,6,26,-43.41636062,103.6587973,-6.156974882
0.00333,6,27,-43.4174197,103.6559581,-6.155687554
0.00333,6,28,-43.41847878,103.6531189,-6.155687554
0.00333,6,29,-43.41953785,103.6502797,-6.155303381
0.00333,6,30,-43.42059693,103.6474405,-6.154916661
0.00333,6,31,-43.42165601,103.6446013,-6.154587714
0.00333,6,32,-43.42271508,103.6417621,-6.154317212
0.00333,6,33,-43.42377416,103.6389229,-6.154040426
0.00333,6,34,-43.42483324,103.6360837,-6.154054224
0.00333,6,35,-43.42589231,103.6332445,-6.153807407
0.00333,6,36,-43.42695139,103.6304053,-6.154279448
0.00333,6,37,-43.42801046,103.6275661,-6.154747209
0.00333,6,38,-43.42906954,103.6247269,-6.15491293
0.00333,6,39,-43.43012862,103.6218877,-6.154794021
0.00333,6,40,-43.43118769,103.6190485,-6.154083443
0.00333,6,41,-43.43224677,103.6162092,-6.153289212
0.00333,6,42,-43.43330585,103.61337,-6.153092854
0.00333,6,43,-43.43436492,103.6105308,-6.152316513
0.00333,6,44,-43.435424,103.6076916,-6.151522887
0.00333,6,45,-43.43648308,103.6048524,-6.151009779
0.00333,6,46,-43.43754215,103.6020132,-6.149704974
0.00333,6,47,-43.43860123,103.599174,-6.149704974
0.00333,6,48,-43.43966031,103.5963348,-6.149905863
0.00333,6,49,-43.44071938,103.5934956,-6.150351848
0.00333,6,50,-43.44177846,103.5906564,-6.150297336
0.00333,6,51,-43.44283753,103.5878172,-6.150297336
0.00333,6,52,-43.44389661,103.584978,-6.151416174
0.00333,6,53,-43.44495569,103.5821388,-6.151519248
0.00333,6,54,-43.44601476,103.5792996,-6.150428083
0.00333,6,55,-43.44707384,103.5764604,-6.148762331
0.00333,6,56,-43.44813292,103.5736211,-6.148762331
0.00333,6,57,-43.44919199,103.5707819,-6.151077535
0.00333,6,58,-43.45025107,103.5679427,-6.155127267
0.00333,6,59,-43.45131015,103.5651035,-6.156296064
0.00333,6,60,-43.45236922,103.5622643,-6.157178649
0.00333,6,61,-43.4534283,103.5594251,-6.158085897
0.00333,6,62,-43.45448738,103.5565859,-6.158986257
0.00333,6,63,-43.45554645,103.5537467,-6.14820852
0.00333,6,64,-43.45660553,103.5509075,-6.14820852
0.00333,6,65,-43.4576646,103.5480683,-6.157708118
0.00333,6,66,-43.45872368,103.5452291,-6.160557092
0.00333,6,67,-43.45978276,103.5423899,-6.161533838
0.00333,6,68,-43.46084183,103.5395507,-6.171290296
0.00333,6,69,-43.46190091,103.5367115,-6.172117018
0.00333,6,70,-43.46295999,103.5338723,-6.172530197
0.00333,6,71,-43.46401906,103.531033,-6.172545741
0.00333,6,72,-43.46507814,103.5281938,-6.175818131
0.00333,6,73,-43.46613722,103.5253546,-6.176444018
0.00333,6,74,-43.46719629,103.5225154,-6.177357799
0.00333,6,75,-43.46825537,103.5196762,-6.181593615
0.00333,6,76,-43.46931445,103.516837,-6.18590862
0.00333,6,77,-43.47037352,103.5139978,-6.186854545
0.00333,6,78,-43.4714326,103.5111586,-6.187099158
0.00333,6,79,-43.47249167,103.5083194,-6.182182972
0.00333,6,80,-43.47355075,103.5054802,-6.175772356
0.00333,6,81,-43.47460983,103.502641,-6.175824553
0.00333,6,82,-43.4756689,103.4998018,-6.175916518
0.00333,6,83,-43.47672798,103.4969626,-6.176096702
0.00333,6,84,-43.47778706,103.4941234,-6.175131073
0.00333,6,85,-43.47884613,103.4912842,-6.176188226
0.00333,6,86,-43.47990521,103.488445,-6.167995225
0.00333,6,87,-43.48096429,103.4856057,-6.168463772
0.00333,6,88,-43.48202336,103.4827665,-6.169939552
0.00333,6,89,-43.48308244,103.4799273,-6.170366594
0.00333,6,90,-43.48414152,103.4770881,-6.170395984
0.00333,6,91,-43.48520059,103.4742489,-6.174862768
0.00333,6,92,-43.48625967,103.4714097,-6.197620418
0.00333,6,93,-43.48731874,103.4685705,-6.197122249
0.00333,6,94,-43.48837782,103.4657313,-6.197122249
0.00333,6,95,-43.4894369,103.4628921,-6.199042341
0.00333,6,96,-43.49049597,103.4600529,-6.199042341
0.00333,6,97,-43.49155505,103.4572137,-6.150071559
0.00333,6,98,-43.49261413,103.4543745,-6.150071559
0.00333,6,99,-43.4936732,103.4515353,-6.07702885
0.00333,7,0,-43.40220947,103.7376095,-6.131124219
0.00333,7,1,-43.40326854,103.7347703,-6.131124219
0.00333,7,2,-43.40432762,103.7319311,-6.154810808
0.00333,7,3,-43.4053867,103.7290919,-6.155984342
0.00333,7,4,-43.40644577,103.7262527,-6.156752207
0.00333,7,5,-43.40750485,103.7234135,-6.157312521
0.00333,7,6,-43.40856393,103.7205743,-6.156094779
0.00333,7,7,-43.409623,103.7177351,-6.156094779
0.00333,7,8,-43.41068208,103.7148958,-6.156206988
0.00333,7,9,-43.41174116,103.7120566,-6.157203824
0.00333,7,10,-43.41280023,103.7092174,-6.158619266
0.00333,7,11,-43.41385931,103.7063782,-6.160392385
0.00333,7,12,-43.41491838,103.703539,-6.160826284
0.00333,7,13,-43.41597746,103.7006998,-6.160851372
0.00333,7,14,-43.41703654,103.6978606,-6.160979595
0.00333,7,15,-43.41809561,103.6950214,-6.161633978
0.00333,7,16,-43.41915469,103.6921822,-6.16120723
0.00333,7,17,-43.42021377,103.689343,-6.16120723
0.00333,7,18,-43.42127284,103.6865038,-6.161023335
0.00333,7,19,-43.42233192,103.6836646,-6.161662953
0.00333,7,20,-43.423391,103.6808254,-6.161221781
0.00333,7,21,-43.42445007,103.6779862,-6.161218099
0.00333,7,22,-43.42550915,103.675147,-6.156490703
0.00333,7,23,-43.42656823,103.6723078,-6.154252815
0.00333,7,24,-43.4276273,103.6694685,-6.153811537
0.00333,7,25,-43.42868638,103.6666293,-6.153764167
0.00333,7,26,-43.42974545,103.6637901,-6.153674974
0.00333,7,27,-43.43080453,103.6609509,-6.141175818
0.00333,7,28,-43.43186361,103.6581117,-6.147147218
0.00333,7,29,-43.43292268,103.6552725,-6.147804461
0.00333,7,30,-43.43398176,103.6524333,-6.149494994
0.00333,7,31,-43.43504084,103.6495941,-6.151035233
0.00333,7,32,-43.43609991,103.6467549,-6.152185151
0.00333,7,33,-43.43715899,103.6439157,-6.151461701
0.00333,7,34,-43.43821807,103.6410765,-6.151675024
0.00333,7,35,-43.43927714,103.6382373,-6.152033209
0.00333,7,36,-43.44033622,103.6353981,-6.151301312
0.00333,7,37,-43.4413953,103.6325589,-6.151629356
0.00333,7,38,-43.44245437,103.6297197,-6.151854185
0.00333,7,39,-43.44351345,103.6268804,-6.150472235
0.00333,7,40,-43.44457252,103.6240412,-6.148941617
0.00333,7,41,-43.4456316,103.621202,-6.148941617
0.00333,7,42,-43.44669068,103.6183628,-6.1494987
0.00333,7,43,-43.44774975,103.6155236,-6.149621607
0.00333,7,44,-43.44880883,103.6126844,-6.149411353
0.00333,7,45,-43.44986791,103.6098452,-6.149062501
0.00333,7,46,-43.45092698,103.607006,-6.149201539
0.00333,7,47,-43.45198606,103.6041668,-6.149239384
0.00333,7,48,-43.45304514,103.6013276,-6.149306332
0.00333,7,49,-43.45410421,103.5984884,-6.14619024
0.00333,7,50,-43.45516329,103.5956492,-6.146052886
0.00333,7,51,-43.45622237,103.59281,-6.146052886
0.00333,7,52,-43.45728144,103.5899708,-6.146396932
0.00333,7,53,-43.45834052,103.5871316,-6.146396932
0.00333,7,54,-43.45939959,103.5842923,-6.14735806
0.00333,7,55,-43.46045867,103.5814531,-6.147631299
0.00333,7,56,-43.46151775,103.5786139,-6.147971984
0.00333,7,57,-43.46257682,103.5757747,-6.149345823
0.00333,7,58,-43.4636359,103.5729355,-6.149067746
0.00333,7,59,-43.46469498,103.5700963,-6.150306553
0.00333,7,60,-43.46575405,103.5672571,-6.154081806
0.00333,7,61,-43.46681313,103.5644179,-6.15706955
0.00333,7,62,-43.46787221,103.5615787,-6.160893671
0.00333,7,63,-43.46893128,103.5587395,-6.161648395
0.00333,7,64,-43.46999036,103.5559003,-6.162420879
0.00333,7,65,-43.47104944,103.5530611,-6.169144924
0.00333,7,66,-43.47210851,103.5502219,-6.170111358
0.00333,7,67,-43.47316759,103.5473827,-6.171051804
0.00333,7,68,-43.47422666,103.5445435,-6.171403325
0.00333,7,69,-43.47528574,103.5417043,-6.172004159
0.00333,7,70,-43.47634482,103.538865,-6.173030057
0.00333,7,71,-43.47740389,103.5360258,-6.177829309
0.00333,7,72,-43.47846297,103.5331866,-6.179386954
0.00333,7,73,-43.47952205,103.5303474,-6.180893955
0.00333,7,74,-43.48058112,103.5275082,-6.180918059
0.00333,7,75,-43.4816402,103.524669,-6.180918059
0.00333,7,76,-43.48269928,103.5218298,-6.18338349
0.00333,7,77,-43.48375835,103.5189906,-6.185161713
0.00333,7,78,-43.48481743,103.5161514,-6.185362154
0.00333,7,79,-43.48587651,103.5133122,-6.186424411
0.00333,7,80,-43.48693558,103.510473,-6.189155426
0.00333,7,81,-43.48799466,103.5076338,-6.194337605
0.00333,7,82,-43.48905373,103.5047946,-6.193823364
0.00333,7,83,-43.49011281,103.5019554,-6.187877308
0.00333,7,84,-43.49117189,103.4991162,-6.18809059
0.00333,7,85,-43.49223096,103.4962769,-6.186150103
0.00333,7,86,-43.49329004,103.4934377,-6.170283034
0.00333,7,87,-43.49434912,103.4905985,-6.167365276
0.00333,7,88,-43.49540819,103.4877593,-6.163138731
0.00333,7,89,-43.49646727,103.4849201,-6.162451626
0.00333,7,90,-43.49752635,103.4820809,-6.162451626
0.00333,7,91,-43.49858542,103.4792417,-6.173392187
0.00333,7,92,-43.4996445,103.4764025,-6.176353779
0.00333,7,93,-43.50070358,103.4735633,-6.197800753
0.00333,7,94,-43.50176265,103.4707241,-6.191047551
0.00333,7,95,-43.50282173,103.4678849,-6.150899052
0.00333,7,96,-43.5038808,103.4650457,-6.148012602
0.00333,7,97,-43.50493988,103.4622065,-6.123913334
0.00333,7,98,-43.50599896,103.4593673,-6.090567398
0.00333,7,99,-43.50705803,103.4565281,-6.088779244
0.00333,8,0,-43.4155943,103.7426023,-6.131412941
0.00333,8,1,-43.41665337,103.7397631,-6.136089537
0.00333,8,2,-43.41771245,103.7369239,-6.138523316
0.00333,8,3,-43.41877153,103.7340847,-6.141147932
0.00333,8,4,-43.4198306,103.7312455,-6.144798349
0.00333,8,5,-43.42088968,103.7284063,-6.145226189
0.00333,8,6,-43.42194876,103.7255671,-6.146568949
0.00333,8,7,-43.42300783,103.7227278,-6.149201233
0.00333,8,8,-43.42406691,103.7198886,-6.149172179
0.00333,8,9,-43.42512599,103.7170494,-6.152678027
0.00333,8,10,-43.42618506,103.7142102,-6.153072052
0.00333,8,11,-43.42724414,103.711371,-6.161506046
0.00333,8,12,-43.42830322,103.7085318,-6.163416447
0.00333,8,13,-43.42936229,103.7056926,-6.162599995
0.00333,8,14,-43.43042137,103.7028534,-6.161806715
0.00333,8,15,-43.43148044,103.7000142,-6.161063296
0.00333,8,16,-43.43253952,103.697175,-6.14548396
0.00333,8,17,-43.4335986,103.6943358,-6.142075428
0.00333,8,18,-43.43465767,103.6914966,-6.140013954
0.00333,8,19,-43.43571675,103.6886574,-6.139849142
0.00333,8,20,-43.43677583,103.6858182,-6.144616353
0.00333,8,21,-43.4378349,103.682979,-6.136742869
0.00333,8,22,-43.43889398,103.6801397,-6.134925598
0.00333,8,23,-43.43995306,103.6773005,-6.129217767
0.00333,8,24,-43.44101213,103.6744613,-6.129217767
0.00333,8,25,-43.44207121,103.6716221,0
0.00333,8,26,-43.44313029,103.6687829,-6.147448389
0.00333,8,27,-43.44418936,103.6659437,-6.122501538
0.00333,8,28,-43.44524844,103.6631045,-6.122300316
0.00333,8,29,-43.44630751,103.6602653,-6.141500999
0.00333,8,30,-43.44736659,103.6574261,-6.144644769
0.00333,8,31,-43.44842567,103.6545869,-6.145859576
0.00333,8,32,-43.44948474,103.6517477,-6.146424204
0.00333,8,33,-43.45054382,103.6489085,-6.146418478
0.00333,8,34,-43.4516029,103.6460693,-6.146418478
0.00333,8,35,-43.45266197,103.6432301,-6.14609911
0.00333,8,36,-43.45372105,103.6403909,-6.146586485
0.00333,8,37,-43.45478013,103.6375516,-6.146374893
0.00333,8,38,-43.4558392,103.6347124,-6.146374893
0.00333,8,39,-43.45689828,103.6318732,-6.146425915
0.00333,8,40,-43.45795736,103.629034,-6.147123612
0.00333,8,41,-43.45901643,103.6261948,-6.147716863
0.00333,8,42,-43.46007551,103.6233556,-6.147358193
0.00333,8,43,-43.46113458,103.6205164,-6.146909608
0.00333,8,44,-43.46219366,103.6176772,-6.146909608
0.00333,8,45,-43.46325274,103.614838,-6.14725754
0.00333,8,46,-43.46431181,103.6119988,-6.146972862
0.00333,8,47,-43.46537089,103.6091596,-6.146972862
0.00333,8,48,-43.46642997,103.6063204,-6.146973809
0.00333,8,49,-43.46748904,103.6034812,-6.147932209
0.00333,8,50,-43.46854812,103.600642,-6.14864308
0.00333,8,51,-43.4696072,103.5978028,-6.148529583
0.00333,8,52,-43.47066627,103.5949636,-6.147204401
0.00333,8,53,-43.47172535,103.5921243,-6.146502785
0.00333,8,54,-43.47278443,103.5892851,-6.145995699
0.00333,8,55,-43.4738435,103.5864459,-6.145792584
0.00333,8,56,-43.47490258,103.5836067,-6.145792584
0.00333,8,57,-43.47596165,103.5807675,-6.146082371
0.00333,8,58,-43.47702073,103.5779283,-6.14776891
0.00333,8,59,-43.47807981,103.5750891,-6.148584049
0.00333,8,60,-43.47913888,103.5722499,-6.160834527
0.00333,8,61,-43.48019796,103.5694107,-6.161582786
0.00333,8,62,-43.48125704,103.5665715,-6.161259053
0.00333,8,63,-43.48231611,103.5637323,-6.16988783
0.00333,8,64,-43.48337519,103.5608931,-6.162184515
0.00333,8,65,-43.48443427,103.5580539,-6.16937684
0.00333,8,66,-43.48549334,103.5552147,-6.169581665
0.00333,8,67,-43.48655242,103.5523755,-6.169887817
0.00333,8,68,-43.4876115,103.5495362,-6.170920056
0.00333,8,69,-43.48867057,103.546697,-6.17225882
0.00333,8,70,-43.48972965,103.5438578,-6.172930126
0.00333,8,71,-43.49078872,103.5410186,-6.176110397
0.00333,8,72,-43.4918478,103.5381794,-6.175814949
0.00333,8,73,-43.49290688,103.5353402,-6.173334305
0.00333,8,74,-43.49396595,103.532501,-6.17562899
0.00333,8,75,-43.49502503,103.5296618,-6.17562899
0.00333,8,76,-43.49608411,103.5268226,-6.178147989
0.00333,8,77,-43.49714318,103.5239834,-6.183035089
0.00333,8,78,-43.49820226,103.5211442,-6.184533918
0.00333,8,79,-43.49926134,103.518305,-6.185393254
0.00333,8,80,-43.50032041,103.5154658,-6.187135604
0.00333,8,81,-43.50137949,103.5126266,-6.196429455
0.00333,8,82,-43.50243857,103.5097874,-6.196547331
0.00333,8,83,-43.50349764,103.5069481,-6.196547331
0.00333,8,84,-43.50455672,103.5041089,-6.198067318
0.00333,8,85,-43.50561579,103.5012697,-6.197719023
0.00333,8,86,-43.50667487,103.4984305,-6.196735757
0.00333,8,87,-43.50773395,103.4955913,-6.194388288
0.00333,8,88,-43.50879302,103.4927521,-6.196806724
0.00333,8,89,-43.5098521,103.4899129,-6.195756675
0.00333,8,90,-43.51091118,103.4870737,-6.195756675
0.00333,8,91,-43.51197025,103.4842345,-6.199835487
0.00333,8,92,-43.51302933,103.4813953,-6.19960673
0.00333,8,93,-43.51408841,103.4785561,-6.199312907
0.00333,8,94,-43.51514748,103.4757169,-6.199312907
0.00333,8,95,-43.51620656,103.4728777,-6.199675525
0.00333,8,96,-43.51726564,103.4700385,-6.200439908
0.00333,8,97,-43.51832471,103.4671993,-6.095297781
0.00333,8,98,-43.51938379,103.4643601,-6.095297781
0.00333,8,99,-43.52044286,103.4615208,-6.101314063
0.00333,9,0,-43.42897913,103.7475951,-6.134290641
0.00333,9,1,-43.43003821,103.7447559,-6.136856554
0.00333,9,2,-43.43109728,103.7419167,-6.138123562
0.00333,9,3,-43.43215636,103.7390775,-6.139929922
0.00333,9,4,-43.43321543,103.7362383,-6.140254189
0.00333,9,5,-43.43427451,103.733399,-6.140254189
0.00333,9,6,-43.43533359,103.7305598,-6.141096538
0.00333,9,7,-43.43639266,103.7277206,-6.14239977
0.00333,9,8,-43.43745174,103.7248814,-6.143425659
0.00333,9,9,-43.43851082,103.7220422,-6.143949212
0.00333,9,10,-43.43956989,103.719203,-6.144679706
0.00333,9,11,-43.44062897,103.7163638,-6.145505832
0.00333,9,12,-43.44168805,103.7135246,-6.143550794
0.00333,9,13,-43.44274712,103.7106854,-6.142403516
0.00333,9,14,-43.4438062,103.7078462,-6.141694852
0.00333,9,15,-43.44486528,103.705007,-6.139846999
0.00333,9,16,-43.44592435,103.7021678,-6.136836455
0.00333,9,17,-43.44698343,103.6993286,-6.132025642
0.00333,9,18,-43.4480425,103.6964894,-6.132025642
0.00333,9,19,-43.44910158,103.6936502,-6.132025642
0.00333,9,20,-43.45016066,103.6908109,-6.130527244
0.00333,9,21,-43.45121973,103.6879717,-6.130626928
0.00333,9,22,-43.45227881,103.6851325,-6.135648899
0.00333,9,23,-43.45333789,103.6822933,-6.135648899
0.00333,9,24,-43.45439696,103.6794541,-6.13017247
0.00333,9,25,-43.45545604,103.6766149,0
0.00333,9,26,-43.45651512,103.6737757,-6.133647493
0.00333,9,27,-43.45757419,103.6709365,-6.131907063
0.00333,9,28,-43.45863327,103.6680973,-6.126891932
0.00333,9,29,-43.45969235,103.6652581,-6.126891932
0.00333,9,30,-43.46075142,103.6624189,-6.129042183
0.00333,9,31,-43.4618105,103.6595797,-6.132850143
0.00333,9,32,-43.46286957,103.6567405,-6.140363349
0.00333,9,33,-43.46392865,103.6539013,-6.143067102
0.00333,9,34,-43.46498773,103.6510621,-6.144320091
0.00333,9,35,-43.4660468,103.6482229,-6.142365846
0.00333,9,36,-43.46710588,103.6453836,-6.142984492
0.00333,9,37,-43.46816496,103.6425444,-6.14463058
0.00333,9,38,-43.46922403,103.6397052,-6.146401317
0.00333,9,39,-43.47028311,103.636866,-6.146401317
0.00333,9,40,-43.47134219,103.6340268,-6.149892941
0.00333,9,41,-43.47240126,103.6311876,-6.150467357
0.00333,9,42,-43.47346034,103.6283484,-6.150026619
0.00333,9,43,-43.47451942,103.6255092,-6.149936111
0.00333,9,44,-43.47557849,103.62267,-6.149451399
0.00333,9,45,-43.47663757,103.6198308,-6.148932745
0.00333,9,46,-43.47769664,103.6169916,-6.148551894
0.00333,9,47,-43.47875572,103.6141524,-6.148537903
0.00333,9,48,-43.4798148,103.6113132,-6.149312284
0.00333,9,49,-43.48087387,103.608474,-6.149654609
0.00333,9,50,-43.48193295,103.6056348,-6.151048396
0.00333,9,51,-43.48299203,103.6027955,-6.152941016
0.00333,9,52,-43.4840511,103.5999563,-6.15360036
0.00333,9,53,-43.48511018,103.5971171,-6.154037457
0.00333,9,54,-43.48616926,103.5942779,-6.145363786
0.00333,9,55,-43.48722833,103.5914387,-6.144865356
0.00333,9,56,-43.48828741,103.5885995,-6.144865356
0.00333,9,57,-43.48934649,103.5857603,-6.145382124
0.00333,9,58,-43.49040556,103.5829211,-6.148819174
0.00333,9,59,-43.49146464,103.5800819,-6.150170443
0.00333,9,60,-43.49252371,103.5772427,-6.151997315
0.00333,9,61,-43.49358279,103.5744035,-6.156286353
0.00333,9,62,-43.49464187,103.5715643,-6.156813316
0.00333,9,63,-43.49570094,103.5687251,-6.158433685
0.00333,9,64,-43.49676002,103.5658859,-6.159645131
0.00333,9,65,-43.4978191,103.5630467,-6.159645131
0.00333,9,66,-43.49887817,103.5602074,-6.161211911
0.00333,9,67,-43.49993725,103.5573682,-6.162538509
0.00333,9,68,-43.50099633,103.554529,-6.164273864
0.00333,9,69,-43.5020554,103.5516898,-6.169711788
0.00333,9,70,-43.50311448,103.5488506,-6.170254273
0.00333,9,71,-43.50417356,103.5460114,-6.174315566
0.00333,9,72,-43.50523263,103.5431722,-6.178020483
0.00333,9,73,-43.50629171,103.540333,-6.180635873
0.00333,9,74,-43.50735078,103.5374938,-6.180635873
0.00333,9,75,-43.50840986,103.5346546,-6.181316096
0.00333,9,76,-43.50946894,103.5318154,-6.181964161
0.00333,9,77,-43.51052801,103.5289762,-6.181964161
0.00333,9,78,-43.51158709,103.526137,-6.183288334
0.00333,9,79,-43.51264617,103.5232978,-6.183434289
0.00333,9,80,-43.51370524,103.5204586,-6.183892071
0.00333,9,81,-43.51476432,103.5176194,-6.185534289
0.00333,9,82,-43.5158234,103.5147801,-6.188054971
0.00333,9,83,-43.51688247,103.5119409,-6.196679904
0.00333,9,84,-43.51794155,103.5091017,-6.196842103
0.00333,9,85,-43.51900063,103.5062625,-6.19763673
0.00333,9,86,-43.5200597,103.5034233,-6.198384103
0.00333,9,87,-43.52111878,103.5005841,-6.200260546
0.00333,9,88,-43.52217785,103.4977449,-6.202443286
0.00333,9,89,-43.52323693,103.4949057,-6.20269182
0.00333,9,90,-43.52429601,103.4920665,-6.202441617
0.00333,9,91,-43.52535508,103.4892273,-6.202443169
0.00333,9,92,-43.52641416,103.4863881,-6.202675398
0.00333,9,93,-43.52747324,103.4835489,-6.20262558
0.00333,9,94,-43.52853231,103.4807097,-6.203358545
0.00333,9,95,-43.52959139,103.4778705,-6.204561896
0.00333,9,96,-43.53065047,103.4750313,-6.205705207
0.00333,9,97,-43.53170954,103.472192,-6.206404693
0.00333,9,98,-43.53276862,103.4693528,-6.209007724
0.00333,9,99,-43.5338277,103.4665136,-6.209451254
0.00333,10,0,-43.44236396,103.7525879,-6.138309623
0.00333,10,1,-43.44342304,103.7497487,-6.138151371
0.00333,10,2,-43.44448211,103.7469095,-6.138151371
0.00333,10,3,-43.44554119,103.7440702,-6.137956515
0.00333,10,4,-43.44660027,103.741231,-6.137956515
0.00333,10,5,-43.44765934,103.7383918,-6.138275548
0.00333,10,6,-43.44871842,103.7355526,-6.1389297
0.00333,10,7,-43.44977749,103.7327134,-6.139729909
0.00333,10,8,-43.45083657,103.7298742,-6.139823692
0.00333,10,9,-43.45189565,103.727035,-6.139823692
0.00333,10,10,-43.45295472,103.7241958,-6.139454818
0.00333,10,11,-43.4540138,103.7213566,-6.139378273
0.00333,10,12,-43.45507288,103.7185174,-6.139503189
0.00333,10,13,-43.45613195,103.7156782,-6.139631592
0.00333,10,14,-43.45719103,103.712839,-6.137701467
0.00333,10,15,-43.45825011,103.7099998,-6.137161797
0.00333,10,16,-43.45930918,103.7071606,-6.137161797
0.00333,10,17,-43.46036826,103.7043214,0
0.00333,10,18,-43.46142734,103.7014821,0
0.00333,10,19,-43.46248641,103.6986429,0
0.00333,10,20,-43.46354549,103.6958037,0
0.00333,10,21,-43.46460456,103.6929645,0
0.00333,10,22,-43.46566364,103.6901253,-6.126480107
0.00333,10,23,-43.46672272,103.6872861,0
0.00333,10,24,-43.46778179,103.6844469,0
0.00333,10,25,-43.46884087,103.6816077,0
0.00333,10,26,-43.46989995,103.6787685,0
0.00333,10,27,-43.47095902,103.6759293,-6.143343787
0.00333,10,28,-43.4720181,103.6730901,-6.141280995
0.00333,10,29,-43.47307718,103.6702509,-6.141280995
0.00333,10,30,-43.47413625,103.6674117,-6.138398759
0.00333,10,31,-43.47519533,103.6645725,-6.138398759
0.00333,10,32,-43.47625441,103.6617333,-6.149007759
0.00333,10,33,-43.47731348,103.6588941,-6.143977179
0.00333,10,34,-43.47837256,103.6560548,-6.145153052
0.00333,10,35,-43.47943163,103.6532156,-6.144283539
0.00333,10,36,-43.48049071,103.6503764,-6.144283539
0.00333,10,37,-43.48154979,103.6475372,-6.145050103
0.00333,10,38,-43.48260886,103.644698,-6.146255781
0.00333,10,39,-43.48366794,103.6418588,-6.150629522
0.00333,10,40,-43.48472702,103.6390196,-6.151461532
0.00333,10,41,-43.48578609,103.6361804,-6.151760487
0.00333,10,42,-43.48684517,103.6333412,-6.152345321
0.00333,10,43,-43.48790425,103.630502,-6.152980595
0.00333,10,44,-43.48896332,103.6276628,-6.153780211
0.00333,10,45,-43.4900224,103.6248236,-6.153964573
0.00333,10,46,-43.49108148,103.6219844,-6.155775242
0.00333,10,47,-43.49214055,103.6191452,-6.156573097
0.00333,10,48,-43.49319963,103.616306,-6.158071802
0.00333,10,49,-43.4942587,103.6134667,-6.157797311
0.00333,10,50,-43.49531778,103.6106275,-6.15720893
0.00333,10,51,-43.49637686,103.6077883,-6.156805986
0.00333,10,52,-43.49743593,103.6049491,-6.156805986
0.00333,10,53,-43.49849501,103.6021099,-6.157390383
0.00333,10,54,-43.49955409,103.5992707,-6.15851976
0.00333,10,55,-43.50061316,103.5964315,-6.158937325
0.00333,10,56,-43.50167224,103.5935923,-6.158620429
0.00333,10,57,-43.50273132,103.5907531,-6.157668671
0.00333,10,58,-43.50379039,103.5879139,-6.157084439
0.00333,10,59,-43.50484947,103.5850747,-6.156146859
0.00333,10,60,-43.50590855,103.5822355,-6.155300046
0.00333,10,61,-43.50696762,103.5793963,-6.154017109
0.00333,10,62,-43.5080267,103.5765571,-6.154017109
0.00333,10,63,-43.50908577,103.5737179,-6.155190686
0.00333,10,64,-43.51014485,103.5708787,-6.156410318
0.00333,10,65,-43.51120393,103.5680394,-6.156410318
0.00333,10,66,-43.512263,103.5652002,-6.156041712
0.00333,10,67,-43.51332208,103.562361,-6.155231943
0.00333,10,68,-43.51438116,103.5595218,-6.155231943
0.00333,10,69,-43.51544023,103.5566826,-6.156509045
0.00333,10,70,-43.51649931,103.5538434,-6.158252427
0.00333,10,71,-43.51755839,103.5510042,-6.168015873
0.00333,10,72,-43.51861746,103.548165,-6.174197426
0.00333,10,73,-43.51967654,103.5453258,-6.177716976
0.00333,10,74,-43.52073561,103.5424866,-6.181295648
0.00333,10,75,-43.52179469,103.5396474,-6.179792961
0.00333,10,76,-43.52285377,103.5368082,-6.177336432
0.00333,10,77,-43.52391284,103.533969,-6.176211536
0.00333,10,78,-43.52497192,103.5311298,-6.17555954
0.00333,10,79,-43.526031,103.5282906,-6.175622714
0.00333,10,80,-43.52709007,103.5254513,-6.175869571
0.00333,10,81,-43.52814915,103.5226121,-6.17605402
0.00333,10,82,-43.52920823,103.5197729,-6.177341966
0.00333,10,83,-43.5302673,103.5169337,-6.17832326
0.00333,10,84,-43.53132638,103.5140945,-6.183977959
0.00333,10,85,-43.53238546,103.5112553,-6.184827187
0.00333,10,86,-43.53344453,103.5084161,-6.191298758
0.00333,10,87,-43.53450361,103.5055769,-6.19200625
0.00333,10,88,-43.53556268,103.5027377,-6.193183502
0.00333,10,89,-43.53662176,103.4998985,-6.194094201
0.00333,10,90,-43.53768084,103.4970593,-6.196042545
0.00333,10,91,-43.53873991,103.4942201,-6.199322609
0.00333,10,92,-43.53979899,103.4913809,-6.204234062
0.00333,10,93,-43.54085807,103.4885417,-6.206460387
0.00333,10,94,-43.54191714,103.4857025,-6.207233296
0.00333,10,95,-43.54297622,103.4828632,-6.207047408
0.00333,10,96,-43.5440353,103.480024,-6.207047408
0.00333,10,97,-43.54509437,103.4771848,-6.205921876
0.00333,10,98,-43.54615345,103.4743456,-6.20188822
0.00333,10,99,-43.54721253,103.4715064,-6.197122329
0.00333,11,0,-43.45574879,103.7575807,-6.139753782
0.00333,11,1,-43.45680787,103.7547414,-6.140004052
0.00333,11,2,-43.45786694,103.7519022,-6.140047355
0.00333,11,3,-43.45892602,103.749063,-6.138848471
0.00333,11,4,-43.4599851,103.7462238,-6.138831231
0.00333,11,5,-43.46104417,103.7433846,-6.1386381
0.00333,11,6,-43.46210325,103.7405454,-6.138438422
0.00333,11,7,-43.46316233,103.7377062,-6.138123178
0.00333,11,8,-43.4642214,103.734867,-6.135467166
0.00333,11,9,-43.46528048,103.7320278,-6.13364085
0.00333,11,10,-43.46633955,103.7291886,-6.13364085
0.00333,11,11,-43.46739863,103.7263494,-6.136339621
0.00333,11,12,-43.46845771,103.7235102,-6.127646248
0.00333,11,13,-43.46951678,103.720671,-6.12858491
0.00333,11,14,-43.47057586,103.7178318,-6.131013013
0.00333,11,15,-43.47163494,103.7149926,0
0.00333,11,16,-43.47269401,103.7121534,-6.126583735
0.00333,11,17,-43.47375309,103.7093141,-6.124691487
0.00333,11,18,-43.47481217,103.7064749,-6.124454462
0.00333,11,19,-43.47587124,103.7036357,-6.124454462
0.00333,11,20,-43.47693032,103.7007965,-6.125650139
0.00333,11,21,-43.47798939,103.6979573,0
0.00333,11,22,-43.47904847,103.6951181,0
0.00333,11,23,-43.48010755,103.6922789,0
0.00333,11,24,-43.48116662,103.6894397,0
0.00333,11,25,-43.4822257,103.6866005,-6.125316416
0.00333,11,26,-43.48328478,103.6837613,-6.125338781
0.00333,11,27,-43.48434385,103.6809221,-6.10674376
0.00333,11,28,-43.48540293,103.6780829,-6.105886949
0.00333,11,29,-43.48646201,103.6752437,-6.105886949
0.00333,11,30,-43.48752108,103.6724045,-6.10604144
0.00333,11,31,-43.48858016,103.6695653,-6.10604144
0.00333,11,32,-43.48963924,103.666726,-6.120440528
0.00333,11,33,-43.49069831,103.6638868,-6.148238262
0.00333,11,34,-43.49175739,103.6610476,-6.148303709
0.00333,11,35,-43.49281646,103.6582084,-6.149512064
0.00333,11,36,-43.49387554,103.6553692,-6.151130363
0.00333,11,37,-43.49493462,103.65253,-6.152115794
0.00333,11,38,-43.49599369,103.6496908,-6.154638716
0.00333,11,39,-43.49705277,103.6468516,-6.116689813
0.00333,11,40,-43.49811185,103.6440124,-6.116689813
0.00333,11,41,-43.49917092,103.6411732,-6.157370285
0.00333,11,42,-43.50023,103.638334,-6.159247564
0.00333,11,43,-43.50128908,103.6354948,-6.161978096
0.00333,11,44,-43.50234815,103.6326556,-6.163927493
0.00333,11,45,-43.50340723,103.6298164,-6.172586763
0.00333,11,46,-43.50446631,103.6269772,-6.170708394
0.00333,11,47,-43.50552538,103.624138,-6.178694017
0.00333,11,48,-43.50658446,103.6212987,0
0.00333,11,49,-43.50764353,103.6184595,0
0.00333,11,50,-43.50870261,103.6156203,0
0.00333,11,51,-43.50976169,103.6127811,-6.167768069
0.00333,11,52,-43.51082076,103.6099419,-6.157484143
0.00333,11,53,-43.51187984,103.6071027,-6.157137328
0.00333,11,54,-43.51293892,103.6042635,-6.158415331
0.00333,11,55,-43.51399799,103.6014243,-6.137414176
0.00333,11,56,-43.51505707,103.5985851,-6.137414176
0.00333,11,57,-43.51611615,103.5957459,-6.145864153
0.00333,11,58,-43.51717522,103.5929067,-6.145793665
0.00333,11,59,-43.5182343,103.5900675,-6.145017621
0.00333,11,60,-43.51929338,103.5872283,-6.145017621
0.00333,11,61,-43.52035245,103.5843891,-6.153823302
0.00333,11,62,-43.52141153,103.5815499,-6.153034678
0.00333,11,63,-43.5224706,103.5787106,-6.153004327
0.00333,11,64,-43.52352968,103.5758714,-6.153004327
0.00333,11,65,-43.52458876,103.5730322,-6.156077853
0.00333,11,66,-43.52564783,103.570193,-6.156786312
0.00333,11,67,-43.52670691,103.5673538,-6.157581828
0.00333,11,68,-43.52776599,103.5645146,-6.15806399
0.00333,11,69,-43.52882506,103.5616754,-6.159956195
0.00333,11,70,-43.52988414,103.5588362,-6.162225536
0.00333,11,71,-43.53094322,103.555997,-6.170404621
0.00333,11,72,-43.53200229,103.5531578,-6.171815222
0.00333,11,73,-43.53306137,103.5503186,-6.17514807
0.00333,11,74,-43.53412045,103.5474794,-6.180515075
0.00333,11,75,-43.53517952,103.5446402,-6.184704676
0.00333,11,76,-43.5362386,103.541801,-6.179849563
0.00333,11,77,-43.53729767,103.5389618,-6.175999137
0.00333,11,78,-43.53835675,103.5361225,-6.175021185
0.00333,11,79,-43.53941583,103.5332833,-6.174625592
0.00333,11,80,-43.5404749,103.5304441,-6.174896527
0.00333,11,81,-43.54153398,103.5276049,-6.176456549
0.00333,11,82,-43.54259306,103.5247657,-6.178716693
0.00333,11,83,-43.54365213,103.5219265,-6.180640923
0.00333,11,84,-43.54471121,103.5190873,-6.181795613
0.00333,11,85,-43.54577029,103.5162481,-6.184935431
0.00333,11,86,-43.54682936,103.5134089,-6.192317285
0.00333,11,87,-43.54788844,103.5105697,-6.193129201
0.00333,11,88,-43.54894752,103.5077305,-6.194061661
0.00333,11,89,-43.55000659,103.5048913,-6.195609279
0.00333,11,90,-43.55106567,103.5020521,-6.198456663
0.00333,11,91,-43.55212474,103.4992129,-6.206101211
0.00333,11,92,-43.55318382,103.4963737,-6.207019346
0.00333,11,93,-43.5542429,103.4935345,-6.206980336
0.00333,11,94,-43.55530197,103.4906952,-6.206980336
0.00333,11,95,-43.55636105,103.487856,-6.204014532
0.00333,11,96,-43.55742013,103.4850168,-6.199503882
0.00333,11,97,-43.5584792,103.4821776,-6.193345718
0.00333,11,98,-43.55953828,103.4793384,-6.190798674
0.00333,11,99,-43.56059736,103.4764992,-6.187805234
0.00333,12,0,-43.46913362,103.7625734,-6.124614624
0.00333,12,1,-43.4701927,103.7597342,-6.123097913
0.00333,12,2,-43.47125177,103.756895,-6.120819538
0.00333,12,3,-43.47231085,103.7540558,-6.120513231
0.00333,12,4,-43.47336993,103.7512166,-6.119625483
0.00333,12,5,-43.474429,103.7483774,-6.120149361
0.00333,12,6,-43.47548808,103.7455382,-6.119723858
0.00333,12,7,-43.47654716,103.742699,-6.119849127
0.00333,12,8,-43.47760623,103.7398598,-6.118996839
0.00333,12,9,-43.47866531,103.7370206,-6.11904174
0.00333,12,10,-43.47972438,103.7341814,-6.118652326
0.00333,12,11,-43.48078346,103.7313422,-6.118984145
0.00333,12,12,-43.48184254,103.728503,-6.118984145
0.00333,12,13,-43.48290161,103.7256638,-6.115280612
0.00333,12,14,-43.48396069,103.7228246,-6.117111786
0.00333,12,15,-43.48501977,103.7199853,-6.11715618
0.00333,12,16,-43.48607884,103.7171461,-6.1111788
0.00333,12,17,-43.48713792,103.7143069,-6.109508046
0.00333,12,18,-43.488197,103.7114677,-6.107565008
0.00333,12,19,-43.48925607,103.7086285,-6.107513118
0.00333,12,20,-43.49031515,103.7057893,-6.109004488
0.00333,12,21,-43.49137423,103.7029501,-6.112838371
0.00333,12,22,-43.4924333,103.7001109,-6.110604022
0.00333,12,23,-43.49349238,103.6972717,-6.110987022
0.00333,12,24,-43.49455145,103.6944325,-6.111526552
0.00333,12,25,-43.49561053,103.6915933,-6.10324384
0.00333,12,26,-43.49666961,103.6887541,-6.10324384
0.00333,12,27,-43.49772868,103.6859149,-6.104520084
0.00333,12,28,-43.49878776,103.6830757,-6.10520045
0.00333,12,29,-43.49984684,103.6802365,-6.105761843
0.00333,12,30,-43.50090591,103.6773972,-6.105183655
0.00333,12,31,-43.50196499,103.674558,-6.104187385
0.00333,12,32,-43.50302407,103.6717188,-6.104608196
0.00333,12,33,-43.50408314,103.6688796,-6.117016476
0.00333,12,34,-43.50514222,103.6660404,-6.112862869
0.00333,12,35,-43.5062013,103.6632012,-6.112862869
0.00333,12,36,-43.50726037,103.660362,-6.118266299
0.00333,12,37,-43.50831945,103.6575228,-6.118775551
0.00333,12,38,-43.50937852,103.6546836,-6.118260031
0.00333,12,39,-43.5104376,103.6518444,-6.119129859
0.00333,12,40,-43.51149668,103.6490052,-6.107769935
0.00333,12,41,-43.51255575,103.646166,-6.107859545
0.00333,12,42,-43.51361483,103.6433268,-6.105017936
0.00333,12,43,-43.51467391,103.6404876,-6.103296955
0.00333,12,44,-43.51573298,103.6376484,-6.103296955
0.00333,12,45,-43.51679206,103.6348092,-6.179151995
0.00333,12,46,-43.51785114,103.6319699,-6.180692574
0.00333,12,47,-43.51891021,103.6291307,-6.181191668
0.00333,12,48,-43.51996929,103.6262915,-6.181676451
0.00333,12,49,-43.52102837,103.6234523,-6.181851769
0.00333,12,50,-43.52208744,103.6206131,-6.182889694
0.00333,12,51,-43.52314652,103.6177739,-6.183287777
0.00333,12,52,-43.52420559,103.6149347,0
0.00333,12,53,-43.52526467,103.6120955,0
0.00333,12,54,-43.52632375,103.6092563,0
0.00333,12,55,-43.52738282,103.6064171,0
0.00333,12,56,-43.5284419,103.6035779,0
0.00333,12,57,-43.52950098,103.6007387,0
0.00333,12,58,-43.53056005,103.5978995,0
0.00333,12,59,-43.53161913,103.5950603,0
0.00333,12,60,-43.53267821,103.5922211,-6.160740119
0.00333,12,61,-43.53373728,103.5893818,-6.160500302
0.00333,12,62,-43.53479636,103.5865426,-6.15882038
0.00333,12,63,-43.53585544,103.5837034,-6.160132639
0.00333,12,64,-43.53691451,103.5808642,-6.160132639
0.00333,12,65,-43.53797359,103.578025,-6.160949791
0.00333,12,66,-43.53903266,103.5751858,-6.160949791
0.00333,12,67,-43.54009174,103.5723466,-6.161544727
0.00333,12,68,-43.54115082,103.5695074,-6.164348157
0.00333,12,69,-43.54220989,103.5666682,-6.166506647
0.00333,12,70,-43.54326897,103.563829,-6.169051508
0.00333,12,71,-43.54432805,103.5609898,-6.171231345
0.00333,12,72,-43.54538712,103.5581506,-6.17283865
0.00333,12,73,-43.5464462,103.5553114,-6.181100504
0.00333,12,74,-43.54750528,103.5524722,-6.189529883
0.00333,12,75,-43.54856435,103.549633,-6.19352458
0.00333,12,76,-43.54962343,103.5467938,-6.197615371
0.00333,12,77,-43.55068251,103.5439545,-6.186959125
0.00333,12,78,-43.55174158,103.5411153,-6.184895906
0.00333,12,79,-43.55280066,103.5382761,-6.183607405
0.00333,12,80,-43.55385973,103.5354369,-6.183644166
0.00333,12,81,-43.55491881,103.5325977,-6.185056414
0.00333,12,82,-43.55597789,103.5297585,-6.18569976
0.00333,12,83,-43.55703696,103.5269193,-6.187103408
0.00333,12,84,-43.55809604,103.5240801,-6.188529093
0.00333,12,85,-43.55915512,103.5212409,-6.189580656
0.00333,12,86,-43.56021419,103.5184017,-6.190804375
0.00333,12,87,-43.56127327,103.5155625,-6.192083794
0.00333,12,88,-43.56233235,103.5127233,-6.192497528
0.00333,12,89,-43.56339142,103.5098841,-6.193942914
0.00333,12,90,-43.5644505,103.5070449,-6.194894519
0.00333,12,91,-43.56550958,103.5042057,-6.194968392
0.00333,12,92,-43.56656865,103.5013664,-6.196837584
0.00333,12,93,-43.56762773,103.4985272,-6.198845282
0.00333,12,94,-43.5686868,103.495688,-6.197217024
0.00333,12,95,-43.56974588,103.4928488,-6.193066753
0.00333,12,96,-43.57080496,103.4900096,-6.19112048
0.00333,12,97,-43.57186403,103.4871704,-6.188388048
0.00333,12,98,-43.57292311,103.4843312,-6.18521111
0.00333,12,99,-43.57398219,103.481492,-6.181424369
0.00333,13,0,-43.48251845,103.7675662,-6.116116878
0.00333,13,1,-43.48357753,103.764727,-6.114336616
0.00333,13,2,-43.4846366,103.7618878,-6.113037349
0.00333,13,3,-43.48569568,103.7590486,-6.112954327
0.00333,13,4,-43.48675476,103.7562094,-6.11289371
0.00333,13,5,-43.48781383,103.7533702,-6.113559853
0.00333,13,6,-43.48887291,103.750531,-6.112185804
0.00333,13,7,-43.48993199,103.7476918,-6.112124096
0.00333,13,8,-43.49099106,103.7448526,-6.110882816
0.00333,13,9,-43.49205014,103.7420134,-6.109793153
0.00333,13,10,-43.49310922,103.7391742,-6.108710428
0.00333,13,11,-43.49416829,103.736335,-6.106631236
0.00333,13,12,-43.49522737,103.7334958,-6.105308917
0.00333,13,13,-43.49628644,103.7306565,-6.102506366
0.00333,13,14,-43.49734552,103.7278173,-6.102506366
0.00333,13,15,-43.4984046,103.7249781,-6.099799635
0.00333,13,16,-43.49946367,103.7221389,-6.099799635
0.00333,13,17,-43.50052275,103.7192997,-6.099267301
0.00333,13,18,-43.50158183,103.7164605,-6.09903324
0.00333,13,19,-43.5026409,103.7136213,-6.098754704
0.00333,13,20,-43.50369998,103.7107821,-6.098754704
0.00333,13,21,-43.50475906,103.7079429,-6.09501925
0.00333,13,22,-43.50581813,103.7051037,-6.084126589
0.00333,13,23,-43.50687721,103.7022645,-6.082835465
0.00333,13,24,-43.50793629,103.6994253,-6.082821097
0.00333,13,25,-43.50899536,103.6965861,-6.085377714
0.00333,13,26,-43.51005444,103.6937469,-6.099768363
0.00333,13,27,-43.51111351,103.6909077,-6.100207144
0.00333,13,28,-43.51217259,103.6880685,-6.102747226
0.00333,13,29,-43.51323167,103.6852292,-6.105695613
0.00333,13,30,-43.51429074,103.68239,-6.105393784
0.00333,13,31,-43.51534982,103.6795508,-6.105761132
0.00333,13,32,-43.5164089,103.6767116,-6.105912887
0.00333,13,33,-43.51746797,103.6738724,-6.105912887
0.00333,13,34,-43.51852705,103.6710332,-6.108506932
0.00333,13,35,-43.51958613,103.668194,-6.108707286
0.00333,13,36,-43.5206452,103.6653548,-6.1112591
0.00333,13,37,-43.52170428,103.6625156,-6.113565767
0.00333,13,38,-43.52276336,103.6596764,-6.113468596
0.00333,13,39,-43.52382243,103.6568372,-6.113468596
0.00333,13,40,-43.52488151,103.653998,-6.104005783
0.00333,13,41,-43.52594058,103.6511588,-6.104520045
0.00333,13,42,-43.52699966,103.6483196,-6.102988503
0.00333,13,43,-43.52805874,103.6454804,-6.099906463
0.00333,13,44,-43.52911781,103.6426411,-6.099906463
0.00333,13,45,-43.53017689,103.6398019,-6.102896493
0.00333,13,46,-43.53123597,103.6369627,-6.102896493
0.00333,13,47,-43.53229504,103.6341235,-6.102896493
0.00333,13,48,-43.53335412,103.6312843,-6.105852251
0.00333,13,49,-43.5344132,103.6284451,0
0.00333,13,50,-43.53547227,103.6256059,0
0.00333,13,51,-43.53653135,103.6227667,0
0.00333,13,52,-43.53759043,103.6199275,0
0.00333,13,53,-43.5386495,103.6170883,0
0.00333,13,54,-43.53970858,103.6142491,0
0.00333,13,55,-43.54076765,103.6114099,0
0.00333,13,56,-43.54182673,103.6085707,0
0.00333,13,57,-43.54288581,103.6057315,0
0.00333,13,58,-43.54394488,103.6028923,0
0.00333,13,59,-43.54500396,103.600053,0
0.00333,13,60,-43.54606304,103.5972138,0
0.00333,13,61,-43.54712211,103.5943746,0
0.00333,13,62,-43.54818119,103.5915354,-6.184186297
0.00333,13,63,-43.54924027,103.5886962,-6.163582763
0.00333,13,64,-43.55029934,103.585857,-6.16147336
0.00333,13,65,-43.55135842,103.5830178,-6.160757607
0.00333,13,66,-43.5524175,103.5801786,-6.160757607
0.00333,13,67,-43.55347657,103.5773394,-6.164386363
0.00333,13,68,-43.55453565,103.5745002,-6.168418854
0.00333,13,69,-43.55559472,103.571661,-6.169451807
0.00333,13,70,-43.5566538,103.5688218,-6.172282023
0.00333,13,71,-43.55771288,103.5659826,-6.174050817
0.00333,13,72,-43.55877195,103.5631434,-6.175793081
0.00333,13,73,-43.55983103,103.5603042,-6.178444779
0.00333,13,74,-43.56089011,103.557465,-6.18126446
0.00333,13,75,-43.56194918,103.5546257,-6.183485297
0.00333,13,76,-43.56300826,103.5517865,-6.182454736
0.00333,13,77,-43.56406734,103.5489473,-6.181647919
0.00333,13,78,-43.56512641,103.5461081,-6.17962776
0.00333,13,79,-43.56618549,103.5432689,-6.179348692
0.00333,13,80,-43.56724457,103.5404297,-6.179101185
0.00333,13,81,-43.56830364,103.5375905,-6.173789662
0.00333,13,82,-43.56936272,103.5347513,-6.173406797
0.00333,13,83,-43.57042179,103.5319121,-6.173979185
0.00333,13,84,-43.57148087,103.5290729,-6.174928704
0.00333,13,85,-43.57253995,103.5262337,-6.176050099
0.00333,13,86,-43.57359902,103.5233945,-6.184139052
0.00333,13,87,-43.5746581,103.5205553,-6.185489383
0.00333,13,88,-43.57571718,103.5177161,-6.187379304
0.00333,13,89,-43.57677625,103.5148769,-6.187896333
0.00333,13,90,-43.57783533,103.5120376,-6.189061506
0.00333,13,91,-43.57889441,103.5091984,-6.189462922
0.00333,13,92,-43.57995348,103.5063592,-6.192365473
0.00333,13,93,-43.58101256,103.50352,-6.193717422
0.00333,13,94,-43.58207164,103.5006808,-6.196421766
0.00333,13,95,-43.58313071,103.4978416,-6.197013066
0.00333,13,96,-43.58418979,103.4950024,-6.197284627
0.00333,13,97,-43.58524886,103.4921632,-6.192790335
0.00333,13,98,-43.58630794,103.489324,-6.187369296
0.00333,13,99,-43.58736702,103.4864848,-6.183907279
0.00333,14,0,-43.49590328,103.772559,-6.12021496
0.00333,14,1,-43.49696236,103.7697198,-6.114928604
0.00333,14,2,-43.49802143,103.7668806,-6.114772947
0.00333,14,3,-43.49908051,103.7640414,-6.113308447
0.00333,14,4,-43.50013959,103.7612022,-6.111700629
0.00333,14,5,-43.50119866,103.758363,-6.107830304
0.00333,14,6,-43.50225774,103.7555238,-6.105490129
0.00333,14,7,-43.50331682,103.7526846,-6.101799939
0.00333,14,8,-43.50437589,103.7498454,-6.098120975
0.00333,14,9,-43.50543497,103.7470062,-6.097232193
0.00333,14,10,-43.50649405,103.744167,-6.096302021
0.00333,14,11,-43.50755312,103.7413278,-6.0960649
0.00333,14,12,-43.5086122,103.7384885,-6.0960649
0.00333,14,13,-43.50967128,103.7356493,-6.096359501
0.00333,14,14,-43.51073035,103.7328101,-6.096952221
0.00333,14,15,-43.51178943,103.7299709,-6.09909225
0.00333,14,16,-43.5128485,103.7271317,-6.088684041
0.00333,14,17,-43.51390758,103.7242925,-6.088684041
0.00333,14,18,-43.51496666,103.7214533,-6.089641516
0.00333,14,19,-43.51602573,103.7186141,0
0.00333,14,20,-43.51708481,103.7157749,0
0.00333,14,21,-43.51814389,103.7129357,0
0.00333,14,22,-43.51920296,103.7100965,0
0.00333,14,23,-43.52026204,103.7072573,0
0.00333,14,24,-43.52132112,103.7044181,0
0.00333,14,25,-43.52238019,103.7015789,0
0.00333,14,26,-43.52343927,103.6987397,-6.072246543
0.00333,14,27,-43.52449835,103.6959004,-6.072246543
0.00333,14,28,-43.52555742,103.6930612,-6.073285625
0.00333,14,29,-43.5266165,103.690222,0
0.00333,14,30,-43.52767557,103.6873828,0
0.00333,14,31,-43.52873465,103.6845436,-6.089458468
0.00333,14,32,-43.52979373,103.6817044,-6.089458468
0.00333,14,33,-43.5308528,103.6788652,0
0.00333,14,34,-43.53191188,103.676026,0
0.00333,14,35,-43.53297096,103.6731868,0
0.00333,14,36,-43.53403003,103.6703476,-6.107645842
0.00333,14,37,-43.53508911,103.6675084,-6.095713789
0.00333,14,38,-43.53614819,103.6646692,-6.085835099
0.00333,14,39,-43.53720726,103.66183,-6.095149881
0.00333,14,40,-43.53826634,103.6589908,0
0.00333,14,41,-43.53932542,103.6561516,-6.098515186
0.00333,14,42,-43.54038449,103.6533123,-6.097932514
0.00333,14,43,-43.54144357,103.6504731,-6.098612349
0.00333,14,44,-43.54250264,103.6476339,-6.099392665
0.00333,14,45,-43.54356172,103.6447947,-6.099945086
0.00333,14,46,-43.5446208,103.6419555,-6.101576906
0.00333,14,47,-43.54567987,103.6391163,-6.101580741
0.00333,14,48,-43.54673895,103.6362771,-6.102163281
0.00333,14,49,-43.54779803,103.6334379,0
0.00333,14,50,-43.5488571,103.6305987,-6.14820908
0.00333,14,51,-43.54991618,103.6277595,0
0.00333,14,52,-43.55097526,103.6249203,0
0.00333,14,53,-43.55203433,103.6220811,0
0.00333,14,54,-43.55309341,103.6192419,-6.163143772
0.00333,14,55,-43.55415249,103.6164027,-6.163143772
0.00333,14,56,-43.55521156,103.6135635,0
0.00333,14,57,-43.55627064,103.6107243,0
0.00333,14,58,-43.55732971,103.607885,-6.196642751
0.00333,14,59,-43.55838879,103.6050458,-6.195828484
0.00333,14,60,-43.55944787,103.6022066,-6.195828484
0.00333,14,61,-43.56050694,103.5993674,0
0.00333,14,62,-43.56156602,103.5965282,-6.181223157
0.00333,14,63,-43.5626251,103.593689,-6.181223157
0.00333,14,64,-43.56368417,103.5908498,-6.181333857
0.00333,14,65,-43.56474325,103.5880106,0
0.00333,14,66,-43.56580233,103.5851714,-6.172104149
0.00333,14,67,-43.5668614,103.5823322,-6.172449499
0.00333,14,68,-43.56792048,103.579493,-6.174424273
0.00333,14,69,-43.56897956,103.5766538,-6.178817608
0.00333,14,70,-43.57003863,103.5738146,-6.181349575
0.00333,14,71,-43.57109771,103.5709754,-6.183047322
0.00333,14,72,-43.57215678,103.5681362,-6.183362251
0.00333,14,73,-43.57321586,103.5652969,-6.18292597
0.00333,14,74,-43.57427494,103.5624577,-6.182792049
0.00333,14,75,-43.57533401,103.5596185,-6.181356234
0.00333,14,76,-43.57639309,103.5567793,-6.179100643
0.00333,14,77,-43.57745217,103.5539401,-6.178277822
0.00333,14,78,-43.57851124,103.5511009,-6.176167148
0.00333,14,79,-43.57957032,103.5482617,-6.175125856
0.00333,14,80,-43.5806294,103.5454225,-6.174768868
0.00333,14,81,-43.58168847,103.5425833,-6.17430525
0.00333,14,82,-43.58274755,103.5397441,-6.174704034
0.00333,14,83,-43.58380663,103.5369049,-6.172686363
0.00333,14,84,-43.5848657,103.5340657,-6.17248553
0.00333,14,85,-43.58592478,103.5312265,-6.17555542
0.00333,14,86,-43.58698385,103.5283873,-6.173941984
0.00333,14,87,-43.58804293,103.5255481,-6.168775355
0.00333,14,88,-43.58910201,103.5227089,-6.169552869
0.00333,14,89,-43.59016108,103.5198696,-6.169701704
0.00333,14,90,-43.59122016,103.5170304,-6.172680899
0.00333,14,91,-43.59227924,103.5141912,-6.182305965
0.00333,14,92,-43.59333831,103.511352,-6.18427799
0.00333,14,93,-43.59439739,103.5085128,-6.185615144
0.00333,14,94,-43.59545647,103.5056736,-6.18741196
0.00333,14,95,-43.59651554,103.5028344,-6.193562056
0.00333,14,96,-43.59757462,103.4999952,-6.196930808
0.00333,14,97,-43.5986337,103.497156,0
0.00333,14,98,-43.59969277,103.4943168,-6.208378511
0.00333,14,99,-43.60075185,103.4914776,-6.207680526
0.00333,15,0,-43.50928811,103.7775518,-6.100333835
0.00333,15,1,-43.51034719,103.7747126,-6.101012283
0.00333,15,2,-43.51140627,103.7718734,-6.107265585
0.00333,15,3,-43.51246534,103.7690342,-6.107379633
0.00333,15,4,-43.51352442,103.766195,-6.105575329
0.00333,15,5,-43.51458349,103.7633558,-6.102132704
0.00333,15,6,-43.51564257,103.7605166,-6.100275227
0.00333,15,7,-43.51670165,103.7576774,-6.097824118
0.00333,15,8,-43.51776072,103.7548382,-6.090864095
0.00333,15,9,-43.5188198,103.751999,-6.089400578
0.00333,15,10,-43.51987888,103.7491597,-6.08868658
0.00333,15,11,-43.52093795,103.7463205,-6.089523168
0.00333,15,12,-43.52199703,103.7434813,-6.093533003
0.00333,15,13,-43.52305611,103.7406421,-6.09319737
0.00333,15,14,-43.52411518,103.7378029,-6.093454697
0.00333,15,15,-43.52517426,103.7349637,0
0.00333,15,16,-43.52623334,103.7321245,0
0.00333,15,17,-43.52729241,103.7292853,-6.080404437
0.00333,15,18,-43.52835149,103.7264461,-6.080404437
0.00333,15,19,-43.52941056,103.7236069,0
0.00333,15,20,-43.53046964,103.7207677,-6.079542172
0.00333,15,21,-43.53152872,103.7179285,-6.078806718
0.00333,15,22,-43.53258779,103.7150893,-6.07819568
0.00333,15,23,-43.53364687,103.7122501,-6.078885477
0.00333,15,24,-43.53470595,103.7094109,-6.080512093
0.00333,15,25,-43.53576502,103.7065716,-6.081023404
0.00333,15,26,-43.5368241,103.7037324,-6.080199664
0.00333,15,27,-43.53788318,103.7008932,-6.084231375
0.00333,15,28,-43.53894225,103.698054,-6.084960123
0.00333,15,29,-43.54000133,103.6952148,-6.086721265
0.00333,15,30,-43.54106041,103.6923756,0
0.00333,15,31,-43.54211948,103.6895364,0
0.00333,15,32,-43.54317856,103.6866972,-6.068300435
0.00333,15,33,-43.54423763,103.683858,-6.068300435
0.00333,15,34,-43.54529671,103.6810188,-6.068200814
0.00333,15,35,-43.54635579,103.6781796,-6.068323744
0.00333,15,36,-43.54741486,103.6753404,-6.068925467
0.00333,15,37,-43.54847394,103.6725012,-6.072397013
0.00333,15,38,-43.54953302,103.669662,-6.075348831
0.00333,15,39,-43.55059209,103.6668228,-6.075810245
0.00333,15,40,-43.55165117,103.6639836,-6.077680556
0.00333,15,41,-43.55271025,103.6611443,-6.080134782
0.00333,15,42,-43.55376932,103.6583051,-6.082664431
0.00333,15,43,-43.5548284,103.6554659,-6.082963565
0.00333,15,44,-43.55588748,103.6526267,-6.083484716
0.00333,15,45,-43.55694655,103.6497875,-6.092425204
0.00333,15,46,-43.55800563,103.6469483,-6.092425204
0.00333,15,47,-43.5590647,103.6441091,-6.093555852
0.00333,15,48,-43.56012378,103.6412699,-6.096886452
0.00333,15,49,-43.56118286,103.6384307,-6.097407256
0.00333,15,50,-43.56224193,103.6355915,-6.097991426
0.00333,15,51,-43.56330101,103.6327523,0
0.00333,15,52,-43.56436009,103.6299131,0
0.00333,15,53,-43.56541916,103.6270739,0
0.00333,15,54,-43.56647824,103.6242347,0
0.00333,15,55,-43.56753732,103.6213955,0
0.00333,15,56,-43.56859639,103.6185562,0
0.00333,15,57,-43.56965547,103.615717,0
0.00333,15,58,-43.57071455,103.6128778,0
0.00333,15,59,-43.57177362,103.6100386,0
0.00333,15,60,-43.5728327,103.6071994,0
0.00333,15,61,-43.57389177,103.6043602,0
0.00333,15,62,-43.57495085,103.601521,0
0.00333,15,63,-43.57600993,103.5986818,-6.182178083
0.00333,15,64,-43.577069,103.5958426,-6.182178083
0.00333,15,65,-43.57812808,103.5930034,0
0.00333,15,66,-43.57918716,103.5901642,-6.184100774
0.00333,15,67,-43.58024623,103.587325,-6.184100774
0.00333,15,68,-43.58130531,103.5844858,-6.190164505
0.00333,15,69,-43.58236439,103.5816466,-6.189726236
0.00333,15,70,-43.58342346,103.5788074,-6.190630047
0.00333,15,71,-43.58448254,103.5759681,-6.191723984
0.00333,15,72,-43.58554162,103.5731289,-6.194156181
0.00333,15,73,-43.58660069,103.5702897,-6.194233973
0.00333,15,74,-43.58765977,103.5674505,-6.191006711
0.00333,15,75,-43.58871884,103.5646113,-6.187531043
0.00333,15,76,-43.58977792,103.5617721,-6.184315868
0.00333,15,77,-43.590837,103.5589329,-6.183838944
0.00333,15,78,-43.59189607,103.5560937,-6.180469585
0.00333,15,79,-43.59295515,103.5532545,-6.176961
0.00333,15,80,-43.59401423,103.5504153,-6.17630507
0.00333,15,81,-43.5950733,103.5475761,-6.17630507
0.00333,15,82,-43.59613238,103.5447369,0
0.00333,15,83,-43.59719146,103.5418977,0
0.00333,15,84,-43.59825053,103.5390585,0
0.00333,15,85,-43.59930961,103.5362193,0
0.00333,15,86,-43.60036869,103.5333801,0
0.00333,15,87,-43.60142776,103.5305408,0
0.00333,15,88,-43.60248684,103.5277016,-6.14989129
0.00333,15,89,-43.60354591,103.5248624,-6.130869083
0.00333,15,90,-43.60460499,103.5220232,-6.130869083
0.00333,15,91,-43.60566407,103.519184,-6.130869083
0.00333,15,92,-43.60672314,103.5163448,-6.135922591
0.00333,15,93,-43.60778222,103.5135056,-6.141835693
0.00333,15,94,-43.6088413,103.5106664,-6.142518953
0.00333,15,95,-43.60990037,103.5078272,-6.193160917
0.00333,15,96,-43.61095945,103.504988,-6.127370651
0.00333,15,97,-43.61201853,103.5021488,-6.126822621
0.00333,15,98,-43.6130776,103.4993096,-6.131395361
0.00333,15,99,-43.61413668,103.4964704,-6.122882193
0.00333,16,0,-43.52267294,103.7825446,-6.096939971
0.00333,16,1,-43.52373202,103.7797054,-6.096939971
0.00333,16,2,-43.5247911,103.7768662,-6.096041283
0.00333,16,3,-43.52585017,103.774027,-6.094346422
0.00333,16,4,-43.52690925,103.7711878,-6.093654098
0.00333,16,5,-43.52796833,103.7683486,-6.076689884
0.00333,16,6,-43.5290274,103.7655094,-6.076689884
0.00333,16,7,-43.53008648,103.7626702,-6.080429464
0.00333,16,8,-43.53114555,103.7598309,0
0.00333,16,9,-43.53220463,103.7569917,-6.090840252
0.00333,16,10,-43.53326371,103.7541525,-6.090840252
0.00333,16,11,-43.53432278,103.7513133,-6.088843519
0.00333,16,12,-43.53538186,103.7484741,-6.088843519
0.00333,16,13,-43.53644094,103.7456349,-6.089037433
0.00333,16,14,-43.53750001,103.7427957,-6.088448503
0.00333,16,15,-43.53855909,103.7399565,-6.088384347
0.00333,16,16,-43.53961817,103.7371173,-6.087932845
0.00333,16,17,-43.54067724,103.7342781,-6.088245625
0.00333,16,18,-43.54173632,103.7314389,-6.082951529
0.00333,16,19,-43.5427954,103.7285997,-6.079426534
0.00333,16,20,-43.54385447,103.7257605,-6.077112227
0.00333,16,21,-43.54491355,103.7229213,-6.077112227
0.00333,16,22,-43.54597262,103.7200821,-6.073836354
0.00333,16,23,-43.5470317,103.7172429,-6.073836354
0.00333,16,24,-43.54809078,103.7144036,-6.074770547
0.00333,16,25,-43.54914985,103.7115644,-6.077551471
0.00333,16,26,-43.55020893,103.7087252,-6.076010616
0.00333,16,27,-43.55126801,103.705886,-6.08012319
0.00333,16,28,-43.55232708,103.7030468,-6.074424932
0.00333,16,29,-43.55338616,103.7002076,-6.070383493
0.00333,16,30,-43.55444524,103.6973684,-6.069122749
0.00333,16,31,-43.55550431,103.6945292,-6.065743426
0.00333,16,32,-43.55656339,103.69169,-6.065743426
0.00333,16,33,-43.55762247,103.6888508,-6.065991929
0.00333,16,34,-43.55868154,103.6860116,-6.063144632
0.00333,16,35,-43.55974062,103.6831724,-6.063144632
0.00333,16,36,-43.56079969,103.6803332,-6.066585478
0.00333,16,37,-43.56185877,103.677494,-6.070177984
0.00333,16,38,-43.56291785,103.6746548,-6.071183211
0.00333,16,39,-43.56397692,103.6718155,-6.073434322
0.00333,16,40,-43.565036,103.6689763,-6.072009285
0.00333,16,41,-43.56609508,103.6661371,-6.070851545
0.00333,16,42,-43.56715415,103.6632979,-6.070851545
0.00333,16,43,-43.56821323,103.6604587,-6.075205794
0.00333,16,44,-43.56927231,103.6576195,-6.077610036
0.00333,16,45,-43.57033138,103.6547803,-6.079285768
0.00333,16,46,-43.57139046,103.6519411,-6.081696697
0.00333,16,47,-43.57244954,103.6491019,-6.085153334
0.00333,16,48,-43.57350861,103.6462627,-6.086435771
0.00333,16,49,-43.57456769,103.6434235,-6.088732165
0.00333,16,50,-43.57562676,103.6405843,-6.088822071
0.00333,16,51,-43.57668584,103.6377451,-6.088935232
0.00333,16,52,-43.57774492,103.6349059,-6.089423972
0.00333,16,53,-43.57880399,103.6320667,0
0.00333,16,54,-43.57986307,103.6292274,0
0.00333,16,55,-43.58092215,103.6263882,-6.125183031
0.00333,16,56,-43.58198122,103.623549,-6.125183031
0.00333,16,57,-43.5830403,103.6207098,0
0.00333,16,58,-43.58409938,103.6178706,0
0.00333,16,59,-43.58515845,103.6150314,-6.187275231
0.00333,16,60,-43.58621753,103.6121922,-6.187275231
0.00333,16,61,-43.58727661,103.609353,-6.189331467
0.00333,16,62,-43.58833568,103.6065138,-6.187558229
0.00333,16,63,-43.58939476,103.6036746,-6.187558229
0.00333,16,64,-43.59045383,103.6008354,-6.190355506
0.00333,16,65,-43.59151291,103.5979962,-6.196047024
0.00333,16,66,-43.59257199,103.595157,-6.196047024
0.00333,16,67,-43.59363106,103.5923178,-6.19878097
0.00333,16,68,-43.59469014,103.5894786,-6.198266065
0.00333,16,69,-43.59574922,103.5866394,0
0.00333,16,70,-43.59680829,103.5838001,0
0.00333,16,71,-43.59786737,103.5809609,0
0.00333,16,72,-43.59892645,103.5781217,0
0.00333,16,73,-43.59998552,103.5752825,0
0.00333,16,74,-43.6010446,103.5724433,0
0.00333,16,75,-43.60210368,103.5696041,-6.187168948
0.00333,16,76,-43.60316275,103.5667649,-6.186526902
0.00333,16,77,-43.60422183,103.5639257,-6.182033752
0.00333,16,78,-43.6052809,103.5610865,-6.163174518
0.00333,16,79,-43.60633998,103.5582473,-6.163255191
0.00333,16,80,-43.60739906,103.5554081,-6.151280449
0.00333,16,81,-43.60845813,103.5525689,-6.150615196
0.00333,16,82,-43.60951721,103.5497297,-6.147914784
0.00333,16,83,-43.61057629,103.5468905,-6.146128247
0.00333,16,84,-43.61163536,103.5440513,-6.143112548
0.00333,16,85,-43.61269444,103.541212,-6.142626053
0.00333,16,86,-43.61375352,103.5383728,-6.142626053
0.00333,16,87,-43.61481259,103.5355336,-6.144271475
0.00333,16,88,-43.61587167,103.5326944,-6.083716571
0.00333,16,89,-43.61693075,103.5298552,-6.079734125
0.00333,16,90,-43.61798982,103.527016,-6.079734125
0.00333,16,91,-43.6190489,103.5241768,-6.069694031
0.00333,16,92,-43.62010797,103.5213376,-6.117952079
0.00333,16,93,-43.62116705,103.5184984,-6.118193091
0.00333,16,94,-43.62222613,103.5156592,-6.141067255
0.00333,16,95,-43.6232852,103.51282,-6.13856285
0.00333,16,96,-43.62434428,103.5099808,-6.137700617
0.00333,16,97,-43.62540336,103.5071416,-6.137700617
0.00333,16,98,-43.62646243,103.5043024,-6.137626177
0.00333,16,99,-43.62752151,103.5014632,-6.136848387
0.00333,17,0,-43.53605777,103.7875374,-6.09826203
0.00333,17,1,-43.53711685,103.7846982,-6.097058834
0.00333,17,2,-43.53817593,103.781859,-6.097058834
0.00333,17,3,-43.539235,103.7790198,-6.096365252
0.00333,17,4,-43.54029408,103.7761806,-6.096326923
0.00333,17,5,-43.54135316,103.7733414,-6.095904905
0.00333,17,6,-43.54241223,103.7705022,-6.093488458
0.00333,17,7,-43.54347131,103.7676629,-6.091310222
0.00333,17,8,-43.54453039,103.7648237,-6.090874293
0.00333,17,9,-43.54558946,103.7619845,-6.028040359
0.00333,17,10,-43.54664854,103.7591453,-6.027579724
0.00333,17,11,-43.54770761,103.7563061,-6.08958144
0.00333,17,12,-43.54876669,103.7534669,-6.089042116
0.00333,17,13,-43.54982577,103.7506277,-6.089042116
0.00333,17,14,-43.55088484,103.7477885,-6.088729254
0.00333,17,15,-43.55194392,103.7449493,-6.088729254
0.00333,17,16,-43.553003,103.7421101,0
0.00333,17,17,-43.55406207,103.7392709,0
0.00333,17,18,-43.55512115,103.7364317,-6.075784348
0.00333,17,19,-43.55618023,103.7335925,-6.074755076
0.00333,17,20,-43.5572393,103.7307533,-6.074034226
0.00333,17,21,-43.55829838,103.7279141,-6.072787149
0.00333,17,22,-43.55935746,103.7250748,-6.075228221
0.00333,17,23,-43.56041653,103.7222356,-6.0766972
0.00333,17,24,-43.56147561,103.7193964,-6.076102539
0.00333,17,25,-43.56253468,103.7165572,-6.076684934
0.00333,17,26,-43.56359376,103.713718,-6.073109644
0.00333,17,27,-43.56465284,103.7108788,-6.070975101
0.00333,17,28,-43.56571191,103.7080396,-6.07134476
0.00333,17,29,-43.56677099,103.7052004,-6.069169417
0.00333,17,30,-43.56783007,103.7023612,-6.066463524
0.00333,17,31,-43.56888914,103.699522,-6.066463524
0.00333,17,32,-43.56994822,103.6966828,-6.064014706
0.00333,17,33,-43.5710073,103.6938436,-6.06252768
0.00333,17,34,-43.57206637,103.6910044,-6.059964401
0.00333,17,35,-43.57312545,103.6881652,-6.059964401
0.00333,17,36,-43.57418453,103.685326,-6.064328508
0.00333,17,37,-43.5752436,103.6824867,-6.066087846
0.00333,17,38,-43.57630268,103.6796475,-6.066087846
0.00333,17,39,-43.57736175,103.6768083,-6.069539066
0.00333,17,40,-43.57842083,103.6739691,-6.069539066
0.00333,17,41,-43.57947991,103.6711299,-6.06823242
0.00333,17,42,-43.58053898,103.6682907,-6.06823242
0.00333,17,43,-43.58159806,103.6654515,-6.070398626
0.00333,17,44,-43.58265714,103.6626123,-6.071676125
0.00333,17,45,-43.58371621,103.6597731,-6.0725893
0.00333,17,46,-43.58477529,103.6569339,-6.076910452
0.00333,17,47,-43.58583437,103.6540947,-6.077105652
0.00333,17,48,-43.58689344,103.6512555,-6.081704944
0.00333,17,49,-43.58795252,103.6484163,-6.082482635
0.00333,17,50,-43.5890116,103.6455771,-6.083998046
0.00333,17,51,-43.59007067,103.6427379,-6.084624885
0.00333,17,52,-43.59112975,103.6398987,-6.084624885
0.00333,17,53,-43.59218882,103.6370594,-6.0854407
0.00333,17,54,-43.5932479,103.6342202,-6.082155711
0.00333,17,55,-43.59430698,103.631381,0
0.00333,17,56,-43.59536605,103.6285418,0
0.00333,17,57,-43.59642513,103.6257026,0
0.00333,17,58,-43.59748421,103.6228634,-6.078296815
0.00333,17,59,-43.59854328,103.6200242,-6.061696071
0.00333,17,60,-43.59960236,103.617185,0
0.00333,17,61,-43.60066144,103.6143458,-6.195760552
0.00333,17,62,-43.60172051,103.6115066,-6.193244593
0.00333,17,63,-43.60277959,103.6086674,-6.195058452
0.00333,17,64,-43.60383867,103.6058282,-6.197035185
0.00333,17,65,-43.60489774,103.602989,-6.198238306
0.00333,17,66,-43.60595682,103.6001498,-6.20384412
0.00333,17,67,-43.60701589,103.5973106,-6.204840472
0.00333,17,68,-43.60807497,103.5944713,-6.207113069
0.00333,17,69,-43.60913405,103.5916321,-6.207113069
0.00333,17,70,-43.61019312,103.5887929,0
0.00333,17,71,-43.6112522,103.5859537,0
0.00333,17,72,-43.61231128,103.5831145,0
0.00333,17,73,-43.61337035,103.5802753,-6.205086234
0.00333,17,74,-43.61442943,103.5774361,-6.154549924
0.00333,17,75,-43.61548851,103.5745969,-6.154360903
0.00333,17,76,-43.61654758,103.5717577,0
0.00333,17,77,-43.61760666,103.5689185,0
0.00333,17,78,-43.61866574,103.5660793,-6.15375561
0.00333,17,79,-43.61972481,103.5632401,-6.142711354
0.00333,17,80,-43.62078389,103.5604009,-6.141556289
0.00333,17,81,-43.62184296,103.5575617,-6.142471226
0.00333,17,82,-43.62290204,103.5547225,-6.142860825
0.00333,17,83,-43.62396112,103.5518832,-6.143388832
0.00333,17,84,-43.62502019,103.549044,-6.142339116
0.00333,17,85,-43.62607927,103.5462048,-6.142339116
0.00333,17,86,-43.62713835,103.5433656,-6.143620007
0.00333,17,87,-43.62819742,103.5405264,-6.093683989
0.00333,17,88,-43.6292565,103.5376872,-6.093683989
0.00333,17,89,-43.63031558,103.534848,-6.141237608
0.00333,17,90,-43.63137465,103.5320088,-6.140143178
0.00333,17,91,-43.63243373,103.5291696,-6.137222441
0.00333,17,92,-43.63349281,103.5263304,-6.137222441
0.00333,17,93,-43.63455188,103.5234912,-6.137023975
0.00333,17,94,-43.63561096,103.520652,-6.136489185
0.00333,17,95,-43.63667003,103.5178128,-6.135562131
0.00333,17,96,-43.63772911,103.5149736,-6.134364771
0.00333,17,97,-43.63878819,103.5121344,-6.134364771
0.00333,17,98,-43.63984726,103.5092952,-6.135650535
0.00333,17,99,-43.64090634,103.5064559,-6.133121908
0.00333,18,0,-43.5494426,103.7925302,-6.100055321
0.00333,18,1,-43.55050168,103.789691,-6.099934887
0.00333,18,2,-43.55156076,103.7868518,-6.092775943
0.00333,18,3,-43.55261983,103.7840126,-6.092775943
0.00333,18,4,-43.55367891,103.7811734,-6.094960394
0.00333,18,5,-43.55473799,103.7783341,-6.093006531
0.00333,18,6,-43.55579706,103.7754949,-6.092756518
0.00333,18,7,-43.55685614,103.7726557,-6.091260144
0.00333,18,8,-43.55791522,103.7698165,-6.091015863
0.00333,18,9,-43.55897429,103.7669773,-6.089156305
0.00333,18,10,-43.56003337,103.7641381,-6.087285934
0.00333,18,11,-43.56109245,103.7612989,-6.084222231
0.00333,18,12,-43.56215152,103.7584597,-6.084222231
0.00333,18,13,-43.5632106,103.7556205,-6.083611588
0.00333,18,14,-43.56426967,103.7527813,-6.081609637
0.00333,18,15,-43.56532875,103.7499421,-6.081609637
0.00333,18,16,-43.56638783,103.7471029,-6.074895189
0.00333,18,17,-43.5674469,103.7442637,-6.074895189
0.00333,18,18,-43.56850598,103.7414245,-6.074511956
0.00333,18,19,-43.56956506,103.7385853,-6.07128876
0.00333,18,20,-43.57062413,103.735746,-6.07128876
0.00333,18,21,-43.57168321,103.7329068,-6.073447048
0.00333,18,22,-43.57274229,103.7300676,-6.069532063
0.00333,18,23,-43.57380136,103.7272284,-6.069532063
0.00333,18,24,-43.57486044,103.7243892,-6.072150957
0.00333,18,25,-43.57591952,103.72155,-6.073173517
0.00333,18,26,-43.57697859,103.7187108,-6.073401957
0.00333,18,27,-43.57803767,103.7158716,-6.073141214
0.00333,18,28,-43.57909674,103.7130324,-6.069695816
0.00333,18,29,-43.58015582,103.7101932,-6.069660987
0.00333,18,30,-43.5812149,103.707354,-6.069660987
0.00333,18,31,-43.58227397,103.7045148,-6.067796708
0.00333,18,32,-43.58333305,103.7016756,-6.06562925
0.00333,18,33,-43.58439213,103.6988364,-6.064709013
0.00333,18,34,-43.5854512,103.6959972,-6.063906996
0.00333,18,35,-43.58651028,103.693158,-6.063482222
0.00333,18,36,-43.58756936,103.6903187,-6.063482222
0.00333,18,37,-43.58862843,103.6874795,-6.065075022
0.00333,18,38,-43.58968751,103.6846403,-6.066325367
0.00333,18,39,-43.59074659,103.6818011,-6.068342169
0.00333,18,40,-43.59180566,103.6789619,-6.069126961
0.00333,18,41,-43.59286474,103.6761227,-6.07024
0.00333,18,42,-43.59392381,103.6732835,-6.066774568
0.00333,18,43,-43.59498289,103.6704443,-6.065161644
0.00333,18,44,-43.59604197,103.6676051,-6.065161644
0.00333,18,45,-43.59710104,103.6647659,-6.064996324
0.00333,18,46,-43.59816012,103.6619267,-6.064967114
0.00333,18,47,-43.5992192,103.6590875,-6.064967114
0.00333,18,48,-43.60027827,103.6562483,-6.073124951
0.00333,18,49,-43.60133735,103.6534091,-6.074903001
0.00333,18,50,-43.60239643,103.6505699,-6.073973926
0.00333,18,51,-43.6034555,103.6477306,-6.073973926
0.00333,18,52,-43.60451458,103.6448914,-6.076411503
0.00333,18,53,-43.60557366,103.6420522,-6.078915552
0.00333,18,54,-43.60663273,103.639213,-6.077956389
0.00333,18,55,-43.60769181,103.6363738,-6.077462377
0.00333,18,56,-43.60875088,103.6335346,-6.076722329
0.00333,18,57,-43.60980996,103.6306954,-6.076202933
0.00333,18,58,-43.61086904,103.6278562,-6.076202933
0.00333,18,59,-43.61192811,103.625017,-6.084711348
0.00333,18,60,-43.61298719,103.6221778,0
0.00333,18,61,-43.61404627,103.6193386,0
0.00333,18,62,-43.61510534,103.6164994,0
0.00333,18,63,-43.61616442,103.6136602,-6.17891565
0.00333,18,64,-43.6172235,103.610821,-6.17891565
0.00333,18,65,-43.61828257,103.6079818,-6.183263804
0.00333,18,66,-43.61934165,103.6051425,-6.197919406
0.00333,18,67,-43.62040073,103.6023033,-6.208144641
0.00333,18,68,-43.6214598,103.5994641,-6.21019181
0.00333,18,69,-43.62251888,103.5966249,0
0.00333,18,70,-43.62357795,103.5937857,0
0.00333,18,71,-43.62463703,103.5909465,0
0.00333,18,72,-43.62569611,103.5881073,0
0.00333,18,73,-43.62675518,103.5852681,0
0.00333,18,74,-43.62781426,103.5824289,0
0.00333,18,75,-43.62887334,103.5795897,-6.158317774
0.00333,18,76,-43.62993241,103.5767505,-6.153660245
0.00333,18,77,-43.63099149,103.5739113,-6.153660245
0.00333,18,78,-43.63205057,103.5710721,-6.150662469
0.00333,18,79,-43.63310964,103.5682329,-6.150483593
0.00333,18,80,-43.63416872,103.5653937,-6.146644358
0.00333,18,81,-43.6352278,103.5625545,-6.146644358
0.00333,18,82,-43.63628687,103.5597152,-6.146542999
0.00333,18,83,-43.63734595,103.556876,-6.144991479
0.00333,18,84,-43.63840502,103.5540368,-6.143838973
0.00333,18,85,-43.6394641,103.5511976,-6.142187419
0.00333,18,86,-43.64052318,103.5483584,-6.141929094
0.00333,18,87,-43.64158225,103.5455192,-6.142055462
0.00333,18,88,-43.64264133,103.54268,-6.144070314
0.00333,18,89,-43.64370041,103.5398408,-6.145032683
0.00333,18,90,-43.64475948,103.5370016,-6.145032683
0.00333,18,91,-43.64581856,103.5341624,-6.14229674
0.00333,18,92,-43.64687764,103.5313232,-6.138373649
0.00333,18,93,-43.64793671,103.528484,-6.135687936
0.00333,18,94,-43.64899579,103.5256448,-6.135687936
0.00333,18,95,-43.65005487,103.5228056,-6.136066228
0.00333,18,96,-43.65111394,103.5199664,-6.137346788
0.00333,18,97,-43.65217302,103.5171271,-6.137230057
0.00333,18,98,-43.65323209,103.5142879,-6.137166653
0.00333,18,99,-43.65429117,103.5114487,-6.137069084
0.00333,19,0,-43.56282744,103.797523,-6.102160382
0.00333,19,1,-43.56388651,103.7946838,-6.095777808
0.00333,19,2,-43.56494559,103.7918446,0
0.00333,19,3,-43.56600466,103.7890053,-6.093298772
0.00333,19,4,-43.56706374,103.7861661,0
0.00333,19,5,-43.56812282,103.7833269,0
0.00333,19,6,-43.56918189,103.7804877,0
0.00333,19,7,-43.57024097,103.7776485,0
0.00333,19,8,-43.57130005,103.7748093,-6.091267816
0.00333,19,9,-43.57235912,103.7719701,-6.088383978
0.00333,19,10,-43.5734182,103.7691309,-6.089487178
0.00333,19,11,-43.57447728,103.7662917,-6.092060875
0.00333,19,12,-43.57553635,103.7634525,0
0.00333,19,13,-43.57659543,103.7606133,-6.08521731
0.00333,19,14,-43.57765451,103.7577741,-6.082747367
0.00333,19,15,-43.57871358,103.7549349,-6.079110139
0.00333,19,16,-43.57977266,103.7520957,-6.07802047
0.00333,19,17,-43.58083173,103.7492565,-6.078358713
0.00333,19,18,-43.58189081,103.7464172,-6.07584483
0.00333,19,19,-43.58294989,103.743578,-6.074596728
0.00333,19,20,-43.58400896,103.7407388,-6.073779226
0.00333,19,21,-43.58506804,103.7378996,-6.07362544
0.00333,19,22,-43.58612712,103.7350604,-6.07362544
0.00333,19,23,-43.58718619,103.7322212,-6.073079668
0.00333,19,24,-43.58824527,103.729382,-6.073084064
0.00333,19,25,-43.58930435,103.7265428,-6.07319553
0.00333,19,26,-43.59036342,103.7237036,-6.073398419
0.00333,19,27,-43.5914225,103.7208644,-6.075180266
0.00333,19,28,-43.59248158,103.7180252,-6.072416787
0.00333,19,29,-43.59354065,103.715186,-6.072291959
0.00333,19,30,-43.59459973,103.7123468,-6.071567938
0.00333,19,31,-43.5956588,103.7095076,-6.069970465
0.00333,19,32,-43.59671788,103.7066684,-6.067399625
0.00333,19,33,-43.59777696,103.7038292,-6.06549075
0.00333,19,34,-43.59883603,103.7009899,-6.065556855
0.00333,19,35,-43.59989511,103.6981507,-6.065910883
0.00333,19,36,-43.60095419,103.6953115,-6.065552217
0.00333,19,37,-43.60201326,103.6924723,-6.065694915
0.00333,19,38,-43.60307234,103.6896331,-6.068040561
0.00333,19,39,-43.60413142,103.6867939,-6.067401971
0.00333,19,40,-43.60519049,103.6839547,-6.065467843
0.00333,19,41,-43.60624957,103.6811155,-6.065467843
0.00333,19,42,-43.60730865,103.6782763,-6.066856257
0.00333,19,43,-43.60836772,103.6754371,-6.066057065
0.00333,19,44,-43.6094268,103.6725979,-6.066057065
0.00333,19,45,-43.61048587,103.6697587,-6.066193264
0.00333,19,46,-43.61154495,103.6669195,-6.06568973
0.00333,19,47,-43.61260403,103.6640803,0
0.00333,19,48,-43.6136631,103.6612411,0
0.00333,19,49,-43.61472218,103.6584018,0
0.00333,19,50,-43.61578126,103.6555626,0
0.00333,19,51,-43.61684033,103.6527234,-6.076884005
0.00333,19,52,-43.61789941,103.6498842,-6.076392636
0.00333,19,53,-43.61895849,103.647045,-6.076410267
0.00333,19,54,-43.62001756,103.6442058,-6.074446757
0.00333,19,55,-43.62107664,103.6413666,-6.077878024
0.00333,19,56,-43.62213572,103.6385274,-6.077878024
0.00333,19,57,-43.62319479,103.6356882,-6.078569387
0.00333,19,58,-43.62425387,103.632849,0
0.00333,19,59,-43.62531294,103.6300098,0
0.00333,19,60,-43.62637202,103.6271706,0
0.00333,19,61,-43.6274311,103.6243314,0
0.00333,19,62,-43.62849017,103.6214922,0
0.00333,19,63,-43.62954925,103.618653,0
0.00333,19,64,-43.63060833,103.6158138,0
0.00333,19,65,-43.6316674,103.6129745,-6.162719967
0.00333,19,66,-43.63272648,103.6101353,-6.154018828
0.00333,19,67,-43.63378556,103.6072961,-6.154018828
0.00333,19,68,-43.63484463,103.6044569,-6.184073263
0.00333,19,69,-43.63590371,103.6016177,0
0.00333,19,70,-43.63696279,103.5987785,0
0.00333,19,71,-43.63802186,103.5959393,0
0.00333,19,72,-43.63908094,103.5931001,0
0.00333,19,73,-43.64014001,103.5902609,0
0.00333,19,74,-43.64119909,103.5874217,0
0.00333,19,75,-43.64225817,103.5845825,-6.157425012
0.00333,19,76,-43.64331724,103.5817433,-6.156448229
0.00333,19,77,-43.64437632,103.5789041,-6.156202872
0.00333,19,78,-43.6454354,103.5760649,-6.156202872
0.00333,19,79,-43.64649447,103.5732257,-6.155524438
0.00333,19,80,-43.64755355,103.5703864,-6.152499359
0.00333,19,81,-43.64861263,103.5675472,-6.149929573
0.00333,19,82,-43.6496717,103.564708,-6.145125145
0.00333,19,83,-43.65073078,103.5618688,-6.143071693
0.00333,19,84,-43.65178986,103.5590296,-6.14077675
0.00333,19,85,-43.65284893,103.5561904,-6.140034334
0.00333,19,86,-43.65390801,103.5533512,-6.140034334
0.00333,19,87,-43.65496708,103.550512,-6.140267408
0.00333,19,88,-43.65602616,103.5476728,-6.140427518
0.00333,19,89,-43.65708524,103.5448336,-6.137551551
0.00333,19,90,-43.65814431,103.5419944,-6.131598177
0.00333,19,91,-43.65920339,103.5391552,-6.132138164
0.00333,19,92,-43.66026247,103.536316,-6.132213156
0.00333,19,93,-43.66132154,103.5334768,-6.138601979
0.00333,19,94,-43.66238062,103.5306376,-6.141816308
0.00333,19,95,-43.6634397,103.5277983,-6.139879994
0.00333,19,96,-43.66449877,103.5249591,-6.130141695
0.00333,19,97,-43.66555785,103.5221199,-6.127230326
0.00333,19,98,-43.66661693,103.5192807,-6.12605472
0.00333,19,99,-43.667676,103.5164415,-6.117483252
